A,B,C,D,E,F,G,H,Target
1.6789795976550912,-2.1461855770235543,0.633659591995445,-1.2081788236455882,-1.303613446519653,-1.2472807903105119,2.509416948920153,-0.5060567211787639,0
2.421303737306557,1.618663149456994,3.508373070844088,-0.10735479071401643,1.4577587169344755,0.5940637787677451,2.051794937994618,-1.2903586695774425,0
0.6296698130000764,1.5912735652286307,2.6470799705419474,-0.5461110027385696,-1.2287296558843601,-1.3215212018366107,-1.3569704175191022,-0.023049948989945834,1
1.4768578217735895,0.057946153205455486,2.500312219501289,-0.8327052186054525,-2.51012077272433,0.04508579100989851,0.18211305586795257,0.3056854153942248,0
0.31849262393983035,-0.23775497143757196,1.7353109602141206,1.7046510059281352,-1.1689783839141445,-0.09199960485993808,0.14089639325840056,-1.03781187151971,1
-0.9918357292975035,1.81229735566852,0.9439240484780105,0.13227279049742133,-0.41624157549473106,1.118687506567022,-2.3444786956228594,0.23399537956610117,0
2.7792484857701103,-0.7316744328960201,4.476032839207917,-0.24936410162594572,-0.8336396004040348,1.3236867191997346,3.51567700339817,-2.669735415076142,1
0.9494912492578362,-1.0325202594849832,2.099165402265957,1.745871336135157,-1.3130126035445797,-2.719325325440596,0.9647060603490625,-1.672760912060049,2
-0.11869934377368807,0.7277205606175767,1.7256467578922843,-0.7150632206374263,-1.1912158708624745,-1.5876907126306752,-1.3499543776286131,-0.4954965187512034,1
0.3374036244924279,-1.981050963663527,-0.43477168947582423,0.18151333150755436,-1.0667979353183414,-2.408764499979738,1.0361379235173112,-0.4878233877658861,0
4.157971401968862,1.7569728679396133,5.322678686386232,0.33869836883918525,2.8328876020476015,2.267345173842433,4.715805835988333,-2.6203175229468436,0
2.5881320974811004,-0.4483060954172704,2.1456733121556226,0.08507903197998995,1.6794504265530872,-0.7693521235786765,3.7478560797301177,-1.8583769776465282,0
2.560255107334543,-0.04274641917895883,1.0767908870249794,-0.2763196351264478,0.45932892415540505,-1.0209550242784657,2.384860125910061,0.5183196086252039,2
1.1606913648849306,0.48684112393255496,-0.5087902719807736,0.7754237330893744,1.4938217343886189,0.7418703526058139,1.3318976110425291,0.9446147899278363,1
2.1437522844294365,1.211242071638312,5.326474810775954,-0.38193227172536476,-1.1689934197719107,-0.8481031457674626,0.8487565889702539,-2.0913758282086743,2
2.6948457259887793,-0.015175310920432672,3.061860153998642,0.17698631145506066,1.540067369865175,-0.5600283918901041,3.5683361508507843,-2.2470855677947856,0
-2.1801591093908503,3.598233326325052,-0.03118109614089663,-1.1548659796745833,-0.733653912635867,-1.4799214253940474,-5.731548835588488,2.168495684709213,2
1.718778711667919,-0.12026632107989244,2.5396704725983597,1.5133362783557256,-2.189016605753036,0.5430380232866816,0.8091971706822163,0.0815117998277135,0
0.2720847331633315,0.9512418996467259,-0.18612478313431605,1.5991566845286143,1.7282943790376961,2.2410544372663965,0.6323680132838005,0.20236956787805482,0
2.56701512929516,0.869393028942363,3.9055726545874383,0.5507877351167638,-1.323517508863151,1.3991562845520225,1.4668615088127133,-0.34029526601193505,1
2.042183617681724,3.7087479308391518,3.7137537092855033,1.8272615049570138,-0.6449498903681192,2.2052451659528605,-1.1180970309365195,1.7151009837597941,2
1.7995751741627424,-1.175099501947771,1.4492779906143005,-0.30136312044018576,-1.4817613825927212,-0.06978410518214695,1.9456856855475388,-0.19662375946734967,0
-1.8699333030683296,-0.04890169927965582,0.3854494281899015,0.3332400365224288,-1.4836483360986716,-1.9182774840301398,-2.5002837896137162,-1.018033186624534,1
2.2127488764983294,-1.0385306813397006,2.405278593755444,-0.4540335803194438,-1.185207919172174,0.825957140136555,2.6499459539443966,-0.9448057352321502,1
0.27628707391250906,-2.308984413613957,-0.9854837305437336,0.5968621810742627,-1.1417400477434667,2.936933272283147,1.9637314166640465,-0.011244565707881238,1
-0.05018681383128598,0.07866522089893069,1.8964063517153642,-0.3670704059816724,-1.1878211331084099,-0.8651809075385544,-0.5418341981971143,-1.2245690656172654,1
0.4485533900358659,2.1437252304720693,5.1934368903997825,-1.1326637535596475,-1.4958167622220908,0.4657050560859296,-1.3688341011901541,-2.159650609132274,0
0.2522887524267525,0.8749140583217043,1.2404595440863975,0.2829461845074849,0.9821256960414531,1.8393350394444512,0.488842176231846,-0.9287958426669762,0
0.5576297077037684,2.15320595498118,1.8120850199879832,1.3791625881974978,1.0357434380966186,2.1802523458799605,-0.2617338089926185,-0.10100937390830222,0
2.173821272056392,-0.6772575452860323,-1.3459234873722314,0.21294997367162288,3.812733466856983,0.9855273193120309,4.418923239145086,-0.05445590507453013,0
1.6615275015177438,-0.28427208519861846,-1.4071621648266164,-0.06110191375136612,2.3912458247810915,-0.5981828651192207,2.571353006350417,0.9131761524026013,2
1.8533302142088723,-3.480094390112602,1.471287673607229,-1.4627663071111208,-0.8627925355692742,-0.28750222624110455,4.4659159740096745,-2.8296561875886184,0
1.483014402399027,0.8016315968907208,1.0937487373041594,-0.7345580968654715,1.8171735582443465,1.2096888571044728,1.8807023622659285,-0.44395532175754915,0
2.131374941280504,-0.4873913210395391,0.09438851080653735,1.4003997947952824,1.9299222664882334,-1.6448403794350908,3.0117638045821167,-0.24444968804514222,1
1.0061993862945617,-1.5785110410523717,-0.48468928709740977,0.297394853531108,0.5228293225488596,-2.6031311092838543,2.0642305034984485,-0.6249781858661444,0
-0.2286074110246583,-2.317524501383497,-0.004930049004481643,0.8074618356124449,-0.3635373803708897,-2.836775483262261,1.3322474763676107,-2.2489376335054345,0
2.066649456543657,0.3363474094141181,3.186928042203951,1.1817613956614945,-1.9953555183870502,1.1956043431895393,1.0030432599922814,-0.013581357858641785,0
0.05045826460795533,0.15495179752311516,-0.5380779255976266,-0.6872265309140099,1.7178461291533036,1.8784451027506972,1.0660494971693102,-0.36485811237968546,0
1.0613035006124492,0.584236751630711,0.29467380810914967,-0.5721940702934435,2.4181114128479346,2.37198574387845,2.1133700354253424,-0.5083217722544191,0
0.784807676299318,1.381186008139395,0.3659309584974508,1.5292965508395333,1.7821115085550088,1.591978938469378,0.6794216583068874,0.3718700200612841,0
0.8503936241683339,-3.1046211981156167,1.1856835016291627,0.3980280299618697,0.6337232504845094,-2.0670356429513204,3.855456085119672,-4.09134362499938,3
2.515489015516959,-0.43137041165632495,3.0220133721835034,-1.013805932639863,-1.4833671838086055,1.2977135853338129,2.34983682034209,-0.5601605609764598,0
1.526121602946394,-2.7300472685668016,-0.6625449084949544,-0.5777505081541768,-3.393763847593561,-0.7817157908287651,1.5329603843482524,1.703413949382493,0
3.4004390257305555,-0.17992073543192322,1.200714031378939,-0.015917845002242307,-0.25976719505254775,-0.07906316322457074,2.930677525141707,1.4759509192490903,0
0.9932866093812814,0.8404563870530404,-1.7311893512162986,0.9965246338965807,3.2382435515425976,2.0247311196176305,1.8235540419411544,1.2970316045132317,1
0.6369994346012215,-0.17339165641747956,-1.9957632972657067,-1.2352804947662746,1.8012654246130642,-1.2896316615087897,1.0927031201600677,1.2135031138320354,2
0.13608278386291506,4.338686768159873,1.0094284443458748,0.11821199140193689,1.8437092753388833,1.0932220329227387,-2.499143011153384,1.9180213299851236,2
0.13284286993728844,-2.855278105848753,-0.8606635829978032,0.16984469724903012,-0.5754721535210638,0.9642124438525232,2.407735722349074,-1.2555187710063107,1
1.0523311797016948,0.32829760991457535,2.216741870165281,0.8074447180083516,0.304575531738861,-0.6487098050294342,1.054030246572819,-1.4743074812629313,0
0.967203519877332,-0.9091498760805289,1.4587507511100755,0.5714083877187804,-1.9190513313844613,-1.007952196686012,0.6467285968236103,-0.35723215937879904,0
4.56494865792099,0.1328332198349892,6.400322399256494,-1.1802836038228717,2.400019186605849,1.2983774325806994,6.373326357278973,-4.748225078452759,0
-0.11835036018847722,2.898384134316969,3.2061016578203407,0.286194759048022,-1.5176674590991448,-0.4335117221788163,-3.0796393945356613,0.24647179158525923,0
0.15058722144307568,-1.087131818618238,-0.909728032508032,1.8065162106620096,-0.4073093962992542,1.0350720517942134,0.8704218689978231,0.3924441884252343,1
-0.45479714673075144,2.55085862224034,3.1068591461017245,-0.5171830838060685,-0.9908777541470857,1.2849556843195502,-2.4712752045614104,-0.5625047532835851,0
1.809702235469043,1.8683146274518099,3.3049528588486665,0.9362090095799499,0.789623926516339,0.25063549393700857,0.8568538850745832,-0.8717139828127556,0
1.215949827763,-0.4416545670841777,1.402762798004054,0.8642436147342264,-0.6944677263679501,-0.9300253093180857,1.1136614457890575,-0.5022506611929943,0
2.5386056013344493,-1.8010356359775401,1.0982780250072135,-0.24624212194871742,0.32594957351944265,-0.4422353467024007,4.024719059908925,-1.0948019826157498,0
1.3974990108481857,-1.3672218988987184,1.5877180645423807,-0.12442732310641852,0.0967362802631988,-1.4324842085950025,2.536802290170231,-2.016355298801514,0
0.3776836607039361,-0.8155901571202413,0.5721674388872632,0.01631560168577677,-2.1054179030313227,-1.3332533157045319,-0.2450126009908291,0.33507228489003205,0
-0.8484614280896372,-1.1764663864448004,1.0867065485481509,0.6983208157562021,-0.6821942184332312,-2.4047100202280056,-0.11266442301899778,-2.6086474144701346,0
1.8750719562438398,0.01412597243674929,2.4679463695806083,1.8381007079616358,-0.7925374861706527,0.027453981101020597,1.51820031415694,-0.5830310551047138,0
0.8456820761513075,-0.8439370817097185,1.4174432282282012,-1.0843712084571229,-2.1159083243899444,-0.9337806676297624,0.37958954135285666,-0.20805183772862845,0
-0.7618852768079087,2.624896687751944,3.016322713789084,-2.498493587871451,-0.8783463977708166,2.0221732508077848,-2.621903869485359,-0.6965335269669832,0
0.7015848831329257,-0.6308947081792264,0.5381789749797504,-1.0122733568370152,1.5452387305977324,0.9851689377827325,2.295536320480774,-1.66817337310568,0
2.474591457342555,1.9794169848566125,3.707897111217241,-0.4879933162072253,2.276366821940575,3.262104699650569,2.683095524587403,-1.5982955142494544,0
0.8395864776002667,-0.864435920993135,-2.391260919257679,-0.564981911032076,1.8649765815207937,0.5760621769693262,2.1406043099141545,1.1675812135325014,1
0.9243689806992562,1.6494152372958761,3.4577220181012187,-0.3234378675446039,0.5209944782774114,1.8998914085204537,0.4951968734622997,-1.7231769342261858,0
-0.4364030170709581,0.35683423573153406,2.3566790623988623,-1.001062213384433,-0.5963026806444705,0.6808344815770266,-0.43046193526162285,-2.1342103083244384,0
1.9122079013783089,-1.1132142258632396,1.1143553247301052,-0.3371881377911729,-1.8785352198739589,-0.24438264297189993,1.6518440051935424,0.5913689109864075,0
1.0138335917491883,-1.2329425263643352,1.041793745158103,0.4881048177193057,-0.12845789953905784,-1.2478729647441782,1.8957065228396965,-1.4422017455477996,0
-0.6532143931300598,-1.5118727313630882,-4.54173117050527,0.06416712562467415,2.262457279959037,-0.07284840512420399,1.2554573769287465,1.3653161943644117,0
1.7046387753742689,0.9026700625277273,4.426241902770451,0.5310966022846075,0.6202028145339987,1.0033774510666058,1.9240816390513655,-2.9574363279044613,0
0.5696905757988076,-0.2193428759296283,-0.764178613980857,0.43374922088634593,1.9729714619454524,0.9868874925005314,1.7869266750419053,-0.2649506075598306,3
2.6311964886941945,2.2781034853371094,1.198019069335152,0.9425452284534718,0.3908720661103926,1.2837537266481247,0.6177701698185406,2.7998322992125315,2
-1.3030392007543807,1.1973992942783631,-0.33732727023898235,1.8627464923572625,-0.3388607579801266,0.24468151638745217,-2.370095346433449,0.6985719739448246,0
-0.5340016808417032,1.2702967528524027,0.10768165019475312,-0.28368469367815263,0.2027700229352486,0.529021629915756,-1.3844361358702004,0.5417198717039242,0
0.27277351877777234,-1.2175574865877052,1.218583680619212,-1.0637896161020317,-1.140975898653388,-1.761856867229604,0.6704720417438549,-1.5315833992311394,0
-0.42244673244743347,-1.5592424100337459,1.3377487786272408,-0.5411253725348428,-0.7621460435595458,-1.9963748407004172,0.6484960822900285,-2.830536943889143,0
0.5418017632450747,-0.46171394720950754,-3.215619879049606,1.6209759662493883,2.0626571439894654,0.12511868286037253,1.405215231988771,2.052607137621456,2
2.879860956589349,-1.9797249819988085,1.2857866847017692,-0.10648788318054717,-1.2429111850061512,0.13053400823214112,3.6820672658440756,-0.06958045981280903,0
0.3690827587475163,-0.914306212465097,0.22780852135451118,0.3770920937424761,-1.1201322373491829,1.1353079324248472,0.7195397821031427,0.0034128080883366607,1
0.4511142322524708,-3.4978241385944333,-1.887856191048399,0.02879081373848167,-0.203909005960629,1.35026555260882,3.3204309834857013,-0.7420845355521177,1
-0.22032296995911937,0.5848421195402582,-0.9152735976651718,-0.858812727920689,-1.1514637751905936,-0.37872544357387716,-1.6302080616260672,2.1718059854594047,0
2.5329010231444524,-0.2969231038746998,0.506635329489776,-1.1343963827064898,1.5144266971279925,0.4788691084231633,3.3237127897542957,0.18450886848794834,1
1.7289525958744867,0.4224683908361473,2.65188083553086,-0.2781192303112381,-2.288299561664198,0.34078989010872385,0.24552968235366282,0.5508297152184769,0
1.7625479538802584,0.6744505340548884,2.710431239952841,1.2046744399937044,1.5768060016474768,1.2632152231167484,2.4216563822047434,-1.9254771149299028,0
1.0772413048672667,-2.6734956146818245,-0.3388167844333205,0.297083451490835,-0.5101350281645646,-1.6321171070321139,2.725614216705334,-1.0159661107287716,0
1.076611807151784,-0.6387487481141596,0.6729120868307932,0.2886321508983798,-0.7550471045179064,-1.386576358482522,0.9320778412402211,0.015209099021193273,0
2.7223534776565197,2.744967477177226,4.251888042609948,0.5053265000780651,1.7550723090124711,2.0092560631035474,1.7816412557670054,-0.9318774904993327,0
0.2907810305945996,2.17479242502875,1.4544612329915172,-0.19776904470561435,0.6471479213749813,1.2157382023359706,-0.9389055517099676,0.3296410827922427,2
4.120126760413793,2.3576063127074107,3.5241870320453876,-0.5899092978657563,3.0538035150788563,1.1751286500649434,3.7143950053152754,-0.3129079556879727,0
1.7875820055659926,-2.127702404348126,0.993999896240484,2.414217312238733,0.6621696542389817,-1.5342885631660024,3.7416683445240997,-2.18231554410359,0
0.4086435199915722,-1.0080125157662443,-4.17745210640232,-0.7296646238211267,2.4520256882037335,0.8350969709926037,1.946421404725699,2.2178538370951304,1
-0.5335499330323721,-1.0923823740723777,0.8225415877314204,0.8802850789837808,-1.0692672784427,-0.5543099278929531,0.06528865501000243,-1.6463476549128027,1
0.43365147594280495,3.304973982717231,4.194354718709098,0.10940759902005842,-0.447207563299008,1.965476249653184,-1.8323559223083494,-0.6547951181266345,0
-0.019452206748975076,2.0626561940455677,1.6591712131037315,-1.0698953290805033,0.15603905521273886,1.3120144659071735,-1.3049889242851034,0.09459935671966813,0
1.19717433638647,-0.7141428157267744,0.42771782984310786,-0.3119870086480041,-1.7076886328100702,-0.5390621731344412,0.6282727532083263,1.0070023614962462,0
0.5944807975327583,-0.795484655259712,1.70443921777844,0.40346891810791735,-1.161474330476383,-1.0560394893279013,0.727393482477109,-1.3533208604968887,0
1.1639589385532065,1.958361240198609,4.852161207599752,-0.4847906763568931,-1.118322060793743,-0.955694110900821,-0.7046830807101137,-1.6979090009559257,1
-0.09819689349795047,-1.127751747889386,-0.7835367084276809,-0.6590067582323337,-1.590162875797409,-2.5325220820887253,-0.49564245767119,0.7175512128258223,0
1.313040314227501,1.866014359718884,4.934873274393878,-0.8067463802094889,-0.6866878507876595,-0.21861643506283612,-0.12114231750901418,-2.0317989254519953,0
0.21311134024661937,0.999086623472625,1.6857692983882215,1.3680984817638127,0.05800444785838055,0.09352958196795103,-0.3692906697528985,-0.7388618726037004,0
0.9644946802070974,-1.39676635995851,2.438614810974759,-0.25295169922576405,0.1699334272377011,-1.2039483672176545,2.475973116403772,-3.3667990427703285,0
0.7638046471277553,-1.0393823241629112,1.1925908679451693,-0.8912169480418995,-0.050166955622351406,-2.057090787709128,1.469363343691592,-1.7082552759745893,0
1.4542006888530532,1.4004082608701305,3.8019523013970913,-1.5443773533483862,0.5408109245191568,1.0996965696459378,1.1032557141864716,-1.9462875381222526,0
2.8182712841260082,1.5614815235785318,4.120568336963858,0.21741657568671346,-0.3023050616712022,-0.8259399375527399,1.3086747249346196,-0.5013558132214981,2
-0.5049757073183898,0.579564690397202,-0.8405802685920957,-0.5013692716678184,1.0411054444444214,1.3676408114023753,-0.2990711486212314,0.37529343918545277,0
1.2856011153460785,-0.21113971246613072,3.2897890925024753,-0.4873894162901053,-1.1799443277608945,0.010689775727679374,1.2070477976447271,-1.9024737350635887,0
1.8065269359036422,0.4929342675598105,2.836849879613451,-1.1079830420429075,-2.4434194828312,0.3704296986097064,0.19403329983310527,0.5905190945312393,0
0.5872358639029676,1.1196121717456853,1.88885904971349,0.7591785027052609,0.9695793930234717,1.8586371788934466,0.6535296858219227,-1.1165263936699428,0
1.733290727609106,-2.2768113033117605,1.38013512377591,1.5753894740561654,-0.3879010977455122,1.1770827718859864,3.7307202107678137,-1.9561132737981806,1
0.21781279476110782,-2.0296149237178684,0.7916183672208695,-0.7206260575907678,-1.6980109901214737,-1.4209095214404739,1.0280801636969272,-1.4875700256406685,0
1.4588127572740255,-0.2482423302853285,1.0093007408359322,-0.14507659570363216,-2.0695430922725118,-0.5779997901209246,0.30461919969660145,1.2875103873779081,0
2.9890791679199418,4.225415042927436,8.6591090635993,0.7601183762563611,-0.3953105423937131,1.399988457162155,0.1826661193018445,-2.599282268999941,0
-1.400638170394597,-0.9104298209349782,-0.1871246311352707,0.08432382724223389,-1.012034877208335,-2.510970471523316,-1.264455624461221,-1.1907599495749261,2
1.7396147554908377,1.717670282917915,2.5975621673147584,-0.7286524143201769,-0.3956273810705089,-1.309268331504057,-0.1283672842305145,0.47312270368665144,2
1.1375459235919863,-2.415118784812316,0.598526995469262,0.8010809637881857,-2.5558015764574242,-0.6087166725054477,1.7028726410393578,-0.26557818997270866,0
1.0378844530612519,0.528643876588492,2.315475346469568,0.1989496964833095,1.0492982220339104,1.3115954117358746,1.6088276943977187,-1.854909708283778,0
0.1714770255728939,1.9905438448474473,0.9118098244934261,0.3191602900919905,0.8602923095721406,1.7290860219629587,-0.7703127509812305,0.5142889472610312,0
1.1412618924061473,-2.381962173618792,-0.31413997113026204,-0.930664217960387,1.5333205538502863,-2.5795210699703626,3.541746251439084,-2.1796016675768906,0
1.5452448426612315,-0.6310111768737732,1.526370182436753,1.1645834712019478,-0.2328913762781749,-1.1897925350372711,1.8011940827083577,-0.8829343440259687,0
1.7435137464127326,-1.0358587126259682,-0.012386589350593424,0.41692950326481654,2.7243622455958123,0.8006653451292627,4.0323287533367,-1.4421101695573817,0
0.7985601553727056,-0.0778907331171027,1.3557109201567663,-0.3309781736136056,-4.499834795837219,0.024857701212078753,-1.6119812693940536,2.2634296696637892,0
0.4900990291093932,0.11559705419752497,1.5905824390994794,0.021060198364359507,-0.9492686438863427,-1.533573279598111,-0.17939741886621147,-0.6068500236055452,2
1.093843632629182,0.1016027073593544,0.11467004308702174,1.6845797460168992,0.25592199080163314,-1.7395585020732627,0.6689974688158005,0.6239695822391313,2
2.4032753625863914,1.576802482674611,4.351195760000891,-0.2101669077919015,0.8849512622061151,0.5532050897257024,1.9132257206229206,-1.8610745992217024,0
1.6903993793194498,-0.03220463933554307,3.6116984879440945,-1.368268938725629,-1.8635660142030028,-0.5494292332079758,0.9441503414967549,-1.2904157202786604,2
-1.6983571440812564,2.1032770322118353,1.9886903080979952,-0.36624169747817953,-1.641349299401519,1.0575234853225852,-3.673651144888342,-0.3416013139665439,0
1.1704813933200247,-0.9455100738234017,2.2042107014658936,-0.3326571805631725,-3.1598607412766357,0.3711275877923066,0.49137485670201037,-0.11677244247721141,0
1.355595130768696,-0.16885312158795585,1.7244731567723786,1.939988391476335,-1.9561475073746863,0.21201998590122706,0.48397318713775167,0.44992372364963584,0
0.8719798119713469,-1.888624823485408,0.523153448565947,-0.10172002555304499,1.385202650593612,-2.102484960571566,3.030079065590414,-2.715964479050238,0
0.9950167653379298,-1.8586923579138115,-3.8151332585752886,0.42321237445701776,1.963052420813081,2.2718105227985275,3.2161658712381094,1.8807288330753413,1
2.3007787273545457,-0.6117363564625476,1.9902816457028274,1.6648018292404523,-0.371875957153485,-0.12495677118502824,2.5580842703353666,-0.6171649562738586,0
0.9153829346144959,-1.8143734051675375,1.1478855467151887,-1.3257937713542476,-2.318402124300075,-0.3386930199136966,1.259325319541727,-0.6253886034160088,0
0.1737006543907349,0.871170266780179,3.3894372281297387,-0.34829345358145714,-0.6584489166269787,0.23770769230116717,-0.3216064243451644,-2.2384054185368836,0
-0.9045446300452853,-1.8142271162696448,-0.034170907807932215,-1.4019080677162379,-2.772127083386207,-2.109976410315184,-0.9528491305214523,-0.568792872160292,0
2.0597975349628967,-2.612743722462622,0.0807648984935856,-1.702128706538388,-0.1261183936366187,2.1946510295544774,4.342209567802082,-0.7464133007079921,1
1.3259294349342183,-0.6105217351662053,0.4160894032909537,-0.39814201058847004,1.5282744064221014,-0.4956330275250218,2.504399515974732,-1.0469095253742775,1
1.5188147470878515,-0.5286101250011593,2.4567092668281973,-1.6698676666737307,-1.1733981595626364,-0.6849840698375129,1.4116614809695947,-1.139786200241545,0
-0.1825419939232229,-2.9302488611379482,-0.2909127393057469,-1.1956237708552124,-1.3066431354039032,-2.1241216120121016,1.4472111584995895,-1.8003619479141293,0
1.4368064633661826,0.13587552425113714,-1.6747074546311038,0.31470630755446866,2.3975013106651755,2.209307475484281,2.385080215585285,1.5187751338978672,1
1.616354535724219,-0.4699942320873636,2.0913768216329984,1.32596997047509,-1.143899617324907,-0.5865926505062911,1.390875208644909,-0.6238618440357651,0
-0.025368528855422623,-2.34111868036172,1.0550486544724265,-0.45379248516408377,-0.9935575798240563,-1.875183257593709,1.5175298792490297,-2.7820775158821442,0
-0.02356403593049161,-3.2764775395320815,1.0251118446056806,-1.6255993666594517,0.34136767775942345,-2.3262955924215283,3.085688585653511,-4.598547061517609,0
2.0758922455194164,2.580112219340214,4.005592474370298,-1.5630894981604142,0.995672679361429,1.1536697285617141,0.8052103801543226,-0.8466185808779818,0
0.31852249464590576,0.6593123820895597,4.123609688871593,0.8442832280974177,-0.730667552534185,0.7458934897903171,0.17798158018326785,-3.0531984504226153,0
0.38878150753194074,0.16072682576420294,1.1407143893422056,-0.5540552934127837,-0.3953025494802791,-2.2097868787105206,-0.17874638642067175,-0.5699439694696327,0
2.091956797568237,1.8087972836685613,3.7542492019872338,-0.5382361859911543,1.6086585451018318,2.102531687615367,1.9859282318711737,-1.69673144385012,0
-1.4834761521032451,2.564924376941927,2.7016711026765536,0.6207475552794239,-1.5178994146449711,1.8413693264642048,-3.5959270876317806,-0.5579136591992517,0
0.13387720323304797,0.13288704789555017,4.0039274147744885,1.2010147611718904,-1.119494606056981,-0.0338236797707836,0.15407111252081615,-3.3331133515023765,1
1.7816871246638815,-1.1224738734013986,-0.3399566908638127,0.7172835811587757,0.6125383170058879,0.3458014316448207,2.787009187224414,0.32922078582874637,1
1.3368633507226098,-0.37562134074665543,1.7749036828165046,-0.12889918411818965,-0.8911850327505391,0.8825052291387142,1.3905547045491777,-0.5426572817875479,1
2.8289982359893244,1.0396836255952515,4.048685709605717,0.38196645752409497,1.709650641027024,0.6982161197019827,3.1854813630423893,-2.273802725418574,0
1.8810264279380446,0.46860793457335603,6.349319494340399,-0.302961376874301,-1.8679309069829155,-2.219494197874779,0.9296768340488324,-3.68817906776795,2
1.2687244389253838,-0.7121293588431228,0.5816845450972579,1.0499941674505682,-0.3642098555613469,1.2460856646739702,1.7655329030338507,0.01959794509658508,1
2.0389198529386814,1.0947479835632894,1.6187537418037137,-1.2646864317560584,1.7933129252401294,0.00833213467118954,1.9536240531301048,-0.3060288560625952,0
1.4243059138156746,-0.2216873143197189,3.253098861048497,1.183227173712846,-1.0630454169240615,0.3751268282727732,1.4423570419524183,-1.8286854215527542,1
0.9493901857164595,-2.126849100869121,0.79150843432986,1.4555808184893537,-0.16052796741153552,-1.6020227512010181,2.553970963935537,-2.069875976233279,0
1.4932086513445282,-1.0914917435101164,0.4063783849452052,0.9200114600053961,-0.19858322973728326,-0.8940181411780238,2.0248129067713054,-0.1624903381402384,0
0.7076914943921258,0.3345111420310104,-1.093367999989751,1.0160935216469669,1.2943047034686996,-0.43855655641597724,0.6993641633319732,1.162981287289531,2
1.6148386967452688,-0.38619882764663616,2.8972190242709597,1.4049423292181198,0.6857538372457812,-0.9148901372253324,2.4822152473159753,-2.717746175321894,0
2.3749444808383156,-0.9466810789428275,-0.8533363507052663,-1.3446490274694252,1.504191518742528,0.2203451952266966,3.479697329479713,0.9096554697943219,1
-0.585555528576267,-0.6485831493430173,0.3509894046999827,0.443523738462415,-1.2655468037509388,0.1532552720364625,-0.49048175902487234,-0.5873882558369321,1
2.184487596280526,-0.8221349801012869,1.0269444616963375,-0.26403776199440115,-1.8635519211993852,0.09602774467577446,1.6380645038303216,1.1893128005134392,0
2.264898123661837,-1.5423277058774625,3.1619945799997664,-1.645592614041814,-0.1496078535691986,0.5645660716164465,3.873694701447046,-2.9449718252570327,0
0.6287029694286361,-0.14469931866957197,2.1145076833557286,0.31963267591747646,-4.698758803813428,0.45090843792038093,-1.5762377617870478,1.3902514414511824,0
0.6125913863057659,-0.10083614962205256,-1.4564364310708038,0.21160038058850683,1.2503759292517156,1.2654294974323819,1.193904610783952,1.1539577404160246,1
-0.6147437633199353,1.6065816842447083,1.278012313812783,-1.47423727889541,0.10284895639503067,1.495805344682849,-1.4291036449832486,-0.3701318714084836,0
2.666802159999586,-0.871880763769407,3.254347031690449,0.847932173353264,-0.8375158956190194,1.3549022528323147,3.309146063316497,-1.56338337126419,0
1.4122373002268842,-1.6582405214525437,0.20387318278764385,1.5094576934076902,0.826481402470878,-1.7738965814674392,2.9034096689749984,-1.3028864371974267,0
1.1911102132370268,-0.729783170736733,1.8517650472837635,-1.4211531401456212,-2.593992915319512,0.46431555103262934,0.5747957190485709,0.09618599611851253,0
-0.19292634130628095,1.0942852331335773,1.5277003702902736,-0.3657996727935024,0.24709240680057054,1.533476555314143,-0.4786688350821616,-0.8887636884567419,0
-0.44285215016599455,0.6211575847886107,-1.7025637626622727,-1.1377379958113922,0.04728636231793715,0.17437631889891247,-1.224149302103502,2.05906587239382,2
0.11387661815221861,1.8378092928144418,-0.2119465828996125,1.1342947938882124,1.294924962550648,1.6066568032989912,-0.6725639346426455,1.2334734855542049,0
-1.79110016937336,-1.6114117176978444,-3.696033744914342,1.1162463905181252,-0.7366095005562259,-0.7108463907646576,-1.2028345858366172,1.5050915276598569,1
2.946552113420601,1.0231145513751674,2.57720567214641,-0.3337788708388873,2.428627919568762,0.8570546731815245,3.4301683092313096,-1.0926335203749047,0
2.209003962779348,0.9051283098529292,2.7751240266200234,1.0043766347631322,1.325815662965683,-0.20373413531432183,2.1998154653805857,-1.2859930329770801,0
1.9800064662118708,-1.3981707776214591,1.924768322767649,0.9160103197910902,0.3954948242397376,-0.3886902635638513,3.4274865549680653,-2.1101275909314383,0
1.0530157659514068,-2.1071951187124824,0.7400070170921077,1.5452571697547433,-1.956260099015016,-1.0808936110123568,1.651128863824679,-0.6308943492550512,3
1.1754051461325894,-0.3193841622700655,1.3644448205646162,-1.7325440243543537,1.2678161388252802,0.28091031604928285,2.279184467835286,-1.711571915005953,0
2.25736003606105,-2.0320595299085094,1.1558935161295287,-0.5361721666239897,-0.5731540651124469,-0.5474074179094905,3.4955475475909026,-0.9808320510264407,0
1.8697220845682772,0.08553067951058901,1.5254297441125266,-0.5690273622751935,0.12096623911904936,-0.5896945378603049,1.6851424314864833,-0.15719795618108678,3
2.2660065241490335,1.5557305845901066,6.251194545817529,0.4796797395099632,-0.7780640363903051,-1.2840498680486117,0.9721306521715535,-2.9569758461382807,0
1.0373553520397851,-0.7711635288945211,2.78489116849897,0.2963644392546358,1.0454938797695665,-0.7882133578538446,2.590525912204663,-3.684152279978395,0
1.252460800912003,2.4684388284456755,-0.10069837191235673,-0.7703829387161236,2.875274816669682,0.5306697482210745,0.40427166551247384,1.4984165296271508,0
2.7728935130127277,0.8509706261392759,1.5684007883313413,1.2530889173020765,2.5681738469428894,0.2340104246317919,3.230623719045747,-0.4222928949236324,0
0.7012049133808937,-1.1923577322120051,-2.222977477760604,-0.6119221214117702,2.6983518293640554,0.31555510094331274,2.8126641142594275,-0.037344281105460175,0
1.711221176956061,0.25266896057267174,-0.5071436912371088,-1.396934091467959,2.9008102187156473,1.0612085466869154,2.8453671434958383,0.19070269290298847,0
4.061828366083982,0.6612144776923236,3.076221467252443,0.184810302489739,3.603691910687202,1.5811465099279012,5.538606206755999,-1.8719422589681325,0
0.2864532823383463,2.425861526698061,3.729290218787937,0.11038963910769706,0.23305465220647414,3.269970350768532,-0.6298429504008577,-1.543713780111115,0
0.6657782774950103,1.945477853072711,2.1878238049848564,-0.5493598549354416,-2.070244133748921,-0.4876694440436735,-2.1100114818539306,1.466120173267862,0
1.6347983699155413,-0.011951117776530795,2.5456749091797777,-0.14655853569167893,-1.8649528629605245,0.6018217371522707,0.8393312897013097,-0.11517046947512743,0
3.29317540801805,-2.1719776540837072,-0.3419546535668146,0.3788105294965933,1.1887743828848447,0.5918140092361972,5.3263256931617455,0.1623210152571697,1
-0.9098616606144347,2.4238974463313756,3.496270086008126,1.2411473438787268,-2.0142845848283364,0.1092993770583649,-3.4033402876636027,-0.8020673749163054,0
0.6202458490627138,-0.07982016399372571,2.311871142321939,0.6181091025405885,-2.0263164762243653,-0.05073144107758665,-0.13843582873448312,-0.6636479408718166,0
1.2425961614241088,-1.2011322064599244,2.1538263418069623,0.4105320144092518,-0.6584310587753579,0.010559601904411187,2.163735011828042,-2.017741212070269,1
2.365245069743202,1.3040148211334692,3.6981679081561727,0.8280660763723794,1.8857577541098847,2.073187903455835,2.8157717994216256,-2.0924697481324928,0
3.0576102122361655,-2.576442214451619,1.9143866798786067,1.5055451919058283,0.00579605093986002,0.2863917509902656,5.252499378541134,-2.05190636284871,0
2.2176565105156802,-0.37997792497984006,2.8090993547317074,-0.2323044937361695,-1.1540277769735967,2.1634005228620796,2.3473943138628384,-0.7229613409837279,1
-0.38452978429173323,-1.748588139654152,0.2912038000241478,-0.0946237926492889,-0.30273345989169786,-2.594019250963804,0.8123334574749831,-2.186732388651537,0
0.8585992786302055,0.5994868992429151,0.621021700399445,0.006211355621786128,1.8465652380120607,1.8709975127235772,1.5994370127211102,-0.6304142915805985,0
0.41595250677047224,-0.1308383985576782,-2.2996845414998277,0.049802790902832496,2.8154998996250336,1.6867648665921635,1.8617129930243441,0.7976426096289755,0
2.400678316253284,1.7348692594286446,5.07744814370062,0.15725843678529833,0.5103947793090237,0.47648266354646884,1.6851929303603232,-2.241173518012014,0
1.537870951279071,1.9775501581387969,-0.7057169135604591,0.9268668857519582,2.7382091810662637,0.3127078991079102,0.8496500858679564,2.007113040644743,2
0.09727169344420228,-0.08254290092699934,2.3310034498861323,-0.7419834280919447,-2.674018406922775,-0.7020340958492152,-1.0182071568723912,-0.6820263299775066,0
1.885639569126135,0.3807348594075799,1.8462062657883342,1.3147798255965035,-0.32744571963056124,-0.7688208633957341,1.2019187307132086,0.09857829170417376,0
-0.3349191408182681,-1.8734618137964765,-1.962920421295448,0.02925147970187543,-0.5803144304476016,0.3415095486904114,0.7977818214595744,0.4845659639411839,1
1.6127262078680724,1.2252980235643416,2.0591918624409447,-0.7250967209741775,1.2682943539972407,0.5416909515205957,1.366362290694879,-0.620042161253697,2
3.042279077189951,-0.05840047262710146,3.8324199053800725,1.5587980694978887,2.531176172277463,1.8826015693000246,4.990241878986625,-3.452627257603688,1
1.6020202318955605,-0.3753843028073742,2.190108223972468,-0.6053929239275391,-0.6765715681234451,-0.25485837832715164,1.6325722266085465,-0.9686515581362105,0
-0.7445091053037793,-0.060499291234009656,-1.2184027612094686,0.11955692459848473,1.1113163828012973,1.3862066049667647,0.07493592287371921,-0.07172824690661861,0
1.2255433852742983,0.9175054285279944,5.043858185841411,-0.8912185001067509,-0.3754432714799787,0.5685324002315504,1.0183243549823862,-3.322080467122586,0
0.491346008961118,1.4578323384357965,2.1600114850784475,-1.0612935317114818,-3.56774238714734,0.05525771380963507,-2.5783514547199085,1.957251526188347,0
1.5571967217115332,-0.563868442265952,2.7525991728415375,-0.02974165415538386,-1.1801488109015421,1.3280189386194396,1.8429440011291804,-1.388056653444824,1
-0.22273425444973527,0.4849790053040782,-2.258817980141018,1.3369204375647132,2.1278829305279965,1.7230894141475444,0.4016365110773669,1.306788468053791,0
1.6628297006004702,-0.02611874809357917,-0.3836684151664328,1.8065346714593336,0.9391024938110821,0.010274780293830887,1.7983767785180578,1.0899888704006435,3
0.8080554272262221,0.04760709207011149,1.6073326355275726,-0.38479553417306533,-2.128577138451387,-0.09744249175473385,-0.32055100264002784,0.44825302310351356,0
0.4201592898506221,-3.810316191877847,-5.469484041166963,0.008828138267394708,0.9456604173783587,0.7409088564836521,3.4197364519359863,1.9995592716583408,1
0.8686161357276323,1.3819465424134059,3.2440135250400703,0.27899179474847396,-1.9335781817398794,0.197336888319525,-1.0226200839174535,-0.12926419696264624,0
1.413059640377288,-0.6466252199636655,-1.7363080109288551,-1.3854282681144907,1.8530537718349405,1.085696345151446,2.595724618014751,1.1585077341094707,1
0.9173773241101231,2.199508937647555,3.0553965809629235,0.12652320501805506,1.081797467393424,3.0457251366632514,0.39454256338502314,-1.1169963316481142,0
1.0070185773588005,-1.2755090143447447,1.346144565595578,0.1494194735091969,0.00019946062622500094,-1.5558719189396337,2.019273809670643,-1.9208694734948146,0
2.760112991177281,-0.47956773174379597,3.483935799955852,-1.4122943199298554,-0.6725789196088031,1.06048180249069,3.113597986477811,-1.486968062936611,1
2.0548364681051368,2.527683323698308,7.098514998379659,-1.3121824775277826,-1.0905247135875729,-0.19486021725938296,0.061692495077495094,-2.860720656425503,0
-0.6093833787150289,-1.0156229484931345,-2.876759091437436,-0.4262685566764252,0.08105610032953159,1.3405019047836197,0.12953796102957815,1.6481326652095307,1
0.01556924253548897,-0.5779824150994184,1.0529087129602757,-1.0585037209958124,-2.926524359954059,-0.743751100712104,-1.035527529039463,0.34210921817145423,0
1.2898866964438982,-1.3902436965371145,1.4370956196769649,1.1833238104431567,-1.439338400833132,-0.5438614303191691,1.6936423061729815,-0.8522014538226221,0
1.8352248035577086,-1.1749243809901186,1.9755743374067363,-1.167534215312696,-0.643238636153725,0.9417871458785575,2.7220548817187322,-1.2928258788055267,1
0.9364802318356218,-1.3948893895632795,1.321478909046852,-0.14311573696377775,-0.7986359520384301,-1.132335926069666,1.6745660868654146,-1.4900872091019948,0
0.09716774202720924,-1.2167513819457596,-5.141354138565384,0.18729554982321833,2.637454754333615,1.776005085777005,1.949957838439772,2.7149735291201083,1
2.1692846174923623,-0.5684857101607586,1.7221538077725091,1.4458646596420308,-0.08213471192472932,-0.47495759892714706,2.472091948148967,-0.6072385742043025,0
0.4128674338897593,-0.5712251779583613,0.4911759988241951,0.03390078412545998,-2.0219585404603198,-0.8453626790797035,-0.3383123318114845,0.6448948454147021,0
2.267494809298884,1.612725010125966,4.983483165186802,-0.5925095652129303,0.19781412432420298,-0.0693635436450406,1.4101687864631647,-2.1646101542070695,0
0.45537610018454167,-0.46530843065958016,1.7123340045443063,-0.5253888696369459,-0.012519433719944684,-1.8063037112009264,0.8584387484611224,-1.9922280978662594,0
-0.579737127197925,1.8734460912322701,0.5196560559163914,-0.828397454793649,1.1224691646696496,3.7272424932217105,-0.8732096833713514,0.10216103155867762,2
-0.9878046699723486,3.030015320065958,3.9579845029093215,1.0401885647927522,-1.5888639477042683,2.135087875303073,-3.3764450954774623,-1.0135680742408057,0
-0.6904809634377682,2.210097863471117,2.2541160454014277,-0.5214010918187526,-0.927476009178926,0.7771626411163852,-2.556404840113541,-0.2166675071454902,0
-1.0617162429736857,0.2271798069392028,-1.4809335409525413,1.9353203365984042,1.3173002683684958,2.4823642766762783,-0.20890386238678907,0.12502481036877255,0
2.3518266003833013,2.0909630129187193,3.274435371886276,-0.2766358691614466,2.0677170342931745,2.380520930830367,2.1365288452011346,-1.0047470312388513,0
-0.8760796697600941,1.7782483047969755,-0.810202456057927,-0.11308033588623528,0.15285092241822862,-1.594681446742299,-2.673547877653086,1.70787451912432,2
-1.0630157873438266,-1.870191561061941,0.6983226241785633,-0.6544018951685149,-2.5820542715730195,-2.2671311120685416,-0.789382913596263,-1.6875124127629637,0
-1.4864516398002694,0.036830763956374746,-2.4599708849321944,0.0001866646349733769,0.6913510328410231,0.9183192694834439,-1.1702122577512728,1.0449060346294652,0
-0.3007651774783753,2.033568285933845,4.934080026672194,0.3984491228578794,-2.1713757799943614,-0.2825689657515693,-2.4150098852276827,-2.146739741730883,0
-1.1757449928962722,-1.0197298739330192,-0.6249997691272571,0.62152184861589,-0.8128041426171442,-3.5792980633464575,-1.125687577263294,-0.8135747550443977,0
1.056918158895423,-0.9415304642345735,1.5815984145342439,1.229774224521937,-1.3216498655008886,-1.646087600222597,1.0188901112236926,-0.8908344972129727,1
-0.9342364271909593,0.3188973236516166,0.7782198105250205,1.1936448655732277,-2.2482869687371894,-1.840536351052802,-2.4547987170261845,0.21079090564312786,0
1.7994050490873739,0.3228519826059656,3.6229437553138357,-0.790012802081076,0.42020807402727434,-0.5836194931983882,2.013528118635762,-2.478237051405913,0
2.804656678453675,-1.5383711714023975,1.3734940481186138,-0.6528084841698033,-0.3221004966189559,0.22157688308623502,3.774584537477994,-0.44650832935258367,3
0.13480605555305114,1.784154748618259,-0.7587018716680447,-0.2278879815506622,1.215209604102528,0.6806694529643977,-0.9076635160884691,1.8169474893696074,0
0.34902105297630936,3.8860971118056344,2.3219608543011616,0.28053234055525844,0.18137814814264053,-0.5180442773885903,-2.847487127773531,1.340526601004706,2
1.7122257270045314,-0.047110522646063746,-2.3610016961615736,-0.6927548576980426,4.77553658547504,3.43816038281551,4.1934882333240555,0.6879566154980181,0
1.796990295401977,-1.5850850005378452,1.6671129970667597,-1.8767187306827366,-0.4464828061771893,0.9989884639696937,3.133411623847611,-1.5180408051757417,1
1.1726653301395298,-0.07986569805004484,2.8530110564207796,-0.40863591253667014,-0.8129486048565225,-0.44528231238192717,1.04706509568827,-1.6675646418294638,0
-1.3453204204390476,1.140223432021347,-0.12562637671115343,1.3414319753737025,0.30332613419959087,2.44596095352609,-1.5956910825467672,0.005961768183297966,0
-0.17936922359294227,0.7004311395996203,2.0103963466484456,2.10367310306172,-0.39029287039606486,0.41275508475797296,-0.5423397367844364,-1.3724903886262703,0
1.1844041521501367,-0.9999968514848735,1.135735291640162,-0.8680639066752307,-0.9035161995370466,-0.6482791427668035,1.477596312604914,-0.616242743791362,0
2.478155970917723,-1.6797406065894478,1.9874274377041514,2.390766164767724,-0.45773715237725277,1.6436898053494664,3.9172047311022604,-1.3706222695531656,1
3.673413833265218,1.5809890620613458,6.434239188633684,-1.3582116685261956,0.7109780447219632,-0.38385127511458217,3.092897807681032,-2.997205924208154,0
0.01863767777562675,-0.18491634243562294,1.468334332749951,-2.2332788193557644,-0.7385595932799751,-1.843083877100241,-0.22181816440627788,-1.305748771099465,0
0.6000589893205917,0.5787162137476982,1.3799059111337941,0.5597004724114222,0.7129507409318552,0.31196060031536743,0.6762531933136284,-0.9458045327400577,0
-0.11092226432955954,2.57076533364335,1.6835121615889843,0.7540759331580894,0.22301849696853016,1.8956954889593585,-1.7170597908072687,0.45441280264252315,0
1.1114413388465112,-0.10656514959471453,1.2261973062767737,-0.639230561280132,0.09549361078644658,-1.6895979486996893,1.0208527716899656,-0.6558072892382827,0
0.9830942371201999,-1.0505129549369876,1.5137514997283037,0.06863704842771541,0.7045618152745861,-1.847991564527816,2.1862952862191207,-2.411912448984215,0
2.1875644762546305,-0.07566656506368641,-1.6733679028831696,0.3314852620217588,2.9757316325040093,0.5405881544345856,3.2495604800600475,1.4618880937508698,1
1.470162637434716,-2.100798070064354,0.17415775145575027,-0.5713742524172769,0.1483765876673968,-1.8747738962953764,2.9488520540797767,-1.1750815774501562,0
0.8248512735329416,0.20516366581675927,1.7306359176044803,-1.109952837036249,-3.8608532997063376,0.35539216408837837,-1.3583803171368405,1.7115273724866817,0
-0.33248678403666565,-0.29830688499958646,2.2308741154722185,-1.253295627303265,-2.0852666127879633,-1.1850252995247779,-0.910980984672923,-1.5613098781133838,2
-0.1479151459152781,-2.9546906607420675,-6.187313518851165,0.5533635687726227,1.6760760863095245,-0.47849515400372566,2.2595497939261113,2.5811620156042165,1
0.9210415230007968,0.46017633684238735,1.9605320166586504,1.013455821741101,0.47954065750069597,-0.21740015749536323,0.9425469883184523,-1.2839007148051744,0
0.3227613871077143,-0.5607942474766276,0.6975150765334083,-0.25018783320716287,2.0765087670278586,3.4967283258000106,2.659389422410082,-2.3675069296975817,0
-1.1725697448897079,1.0361166602973562,1.4383174431600205,-0.20372712804159823,-2.0799699188838185,2.779032651713371,-2.364395084046447,0.031621836303093454,1
0.5167074747957234,-1.7329868843968943,0.09376001220550756,1.621226879726228,-1.939808549308587,-1.760690135688133,0.6511916463404431,-0.04240610651613985,0
2.0827106937068525,-1.1528912966505866,1.5565249302829869,-0.1165103783469821,-3.1275331499550165,0.8173553800076521,1.3575941057590375,1.1262810840191144,3
0.5593235522686941,-0.7253178910791804,-1.5543430378976675,0.1310207620786982,2.7167887953218246,2.1053685011072516,2.6901985180428265,-0.3819958699976095,0
0.8069049240551065,1.669116741521266,1.71248996880548,-1.6722497745673186,-0.2807937607281137,0.019185714995904712,-0.7280798045716711,0.5944958140551624,2
0.21507265585519342,1.367279886105902,2.4314581577042995,2.441504342169468,-0.011403684461375407,0.8448211397355846,-0.4816579085363122,-1.1198328820696748,0
1.922074556573504,-3.401682605232061,-1.643794211182714,-0.5930721344322301,-0.014606282448149877,-0.3585312694655809,4.284449986045447,0.09152420054300447,1
0.30545523685617704,-4.745169435795468,-8.259333531565913,-0.7286780669457907,2.6055275016611867,1.071850418187247,4.636252347593317,2.8897720866574756,1
1.3256853990460091,-1.468799339500115,0.24575418514181427,-0.21242892991046652,1.212168131706215,-2.3507620774672393,2.8005215632641325,-1.5286766788069697,0
0.2730724205983922,0.5846452450247615,2.731829766544646,-0.12673603578590625,-1.3747916167596477,-0.8299262311904085,-0.689747331119393,-1.251613934501663,1
-0.5264013874129574,-0.5268678542621208,-2.2852698810986833,2.220683796583114,0.19974335128674447,1.2948220326317343,-0.07787507209231875,1.4562865844086827,1
0.3001578118423275,-0.5647151564582038,1.6442521709283109,1.2916352267604467,-1.0377426755183825,-1.536390772611194,0.2651136966539716,-1.4106243849461393,0
1.8313748284303641,-1.2659600296249591,0.8646252868120541,0.6795756851606412,-1.0843382971827056,-0.7462603481920765,2.059919519164958,0.0750121440118594,0
1.563006306002256,-2.1953208989949173,0.7347677132006085,-0.5739300079673577,-0.7086046029031088,-1.3526116689573997,2.8117344252937864,-1.1793745867542476,0
0.03690205298300597,-0.626500612497239,-3.95822576009209,0.3778292212221578,2.28817049319274,0.7192203809591576,1.2304719280496474,2.1529186561134885,1
2.185271102162747,-0.0733743949729615,2.502337302016448,-0.17494456600131203,1.9285940223968872,0.7690035127011228,3.5358284479028854,-2.335943776692657,0
-1.1163832292792173,1.651059387190017,0.10119468520947406,-0.566128588607568,-0.20067374120042758,0.9932169030329354,-2.360569717540242,0.7384774498087987,0
2.6831554486662927,1.8029028065459736,3.6604935608102585,0.07575934319837979,1.350539708442338,0.12154115326195403,1.9825537514618583,-1.006883157128032,0
1.5056099051702905,1.692585032270959,1.2286151183251723,-0.9635834445300414,1.065198364040735,-1.0155920285204036,0.3173641323861146,0.7315231405374026,2
-1.1620658039566432,1.6210499668485339,0.7131210866506708,-1.4180599219689365,-0.8826753078503526,0.21271105584951344,-2.7568177907982894,0.45817686945963376,1
1.7132200417532697,-2.053539008049741,-0.10725871671178161,0.5573042937804867,1.277087482297731,-1.809781461770822,3.6995718289936406,-1.4157075048910035,0
-0.6879588649133122,1.6618459248709412,-1.4781942889453399,-0.7005368280095384,1.644460402083196,2.680267366249568,-1.0327720948593702,1.5801784308916496,0
2.747660131581767,1.6380328882851705,6.489252719361426,0.785812009296809,-0.1150293032295584,-0.42671512084253926,1.8387450421480032,-3.1791949974573455,2
-0.16701889712816964,0.45114310363901433,2.4067907045774306,2.6450367904151584,-0.6747970298204446,-0.11139837919782614,-0.4637287055463179,-1.8513834821507873,0
1.4394666351131815,-1.5352375753051977,0.10912700607580292,1.4580252755643248,-0.6060080788616061,1.637258304572096,2.491462654270545,0.06717335089496324,1
0.9721699128076182,0.4722449995000648,2.571657206100026,1.3005268585960061,-1.9890937595888478,-0.03990200734976457,-0.29960784234589505,-0.15533414166577986,0
1.1967122204582408,2.345836053438176,2.8527643686216213,0.2635467405781687,0.19226432436152785,-0.06993811256600102,-0.5585287776874468,-0.013994087220121965,0
0.5633834343370482,2.1750653808080265,5.048203280670072,-0.8332949582424903,-0.9087741883953895,1.1210734484799376,-0.8974924563794745,-2.266983319698512,0
0.052144098544771755,-0.8655949965620722,-0.589350940004179,1.1414643179722508,1.7832589837433779,1.6729297625009258,2.01467666146694,-1.3396690421009456,0
0.07940458883490764,-1.834726596757188,-0.043274526719262844,0.5336479953688871,-2.2832247607494693,-1.840191192718751,0.1630740621010673,-0.10942290290293899,0
1.3092452207729717,1.4675286600889255,4.891189089579524,-0.47386487015952894,-0.056409776887376806,1.0366616901374213,0.7962606882256783,-2.767710056451655,0
2.163809769163932,1.9834761582353941,4.605279580919083,-2.640897679343706,0.017173968561200903,-0.6721246960752669,0.707496328497566,-1.3768016571285093,0
-0.8348619839805682,-3.939115745625682,-5.561026122826012,-1.6894573383151947,-0.17997618457504505,2.269159090177437,2.1194659773024513,1.796124232936628,1
1.3355490361480196,-1.4924047832910268,1.1157784252417344,-0.3693867320636845,-2.5621350473234097,-0.06781789903692315,1.1845560340318548,0.24193371039039469,0
-1.0639959420418954,0.15751500509465077,2.236775515146287,1.0932371075822098,-2.240930460541068,-1.6455620389810588,-2.0720098470443817,-1.6344967783007736,0
1.3249886229934276,-3.2560496500311698,-0.5451370577311652,0.1417658589610795,-1.2431015785524395,-0.2718025323022213,3.209023089170369,-0.5851594939689835,1
0.7218290662988501,0.48322580431232853,2.7689861933757367,0.22035182927354544,0.311865717307944,-1.21092002137188,0.6801542956663957,-2.221092950649373,0
0.5715204713448938,0.22152617824649168,0.572563746963167,0.028012915358889258,-1.0602079275093033,-1.6724279580041301,-0.5089888198413908,0.7414013071598256,1
2.1056653642163923,0.16734120899750748,2.275948655463013,1.90329268772716,1.946736591353606,0.7287570395981258,3.2062891333124197,-1.937988809698611,0
2.400377654918875,0.9210587202783964,5.036780084076557,-0.5219067501050294,-1.3773617365898705,0.7422128246145507,1.3875404083330003,-1.6425175515815122,1
1.4386914705848848,-0.9963508130690762,1.321733572971745,0.29760494279712235,-0.4852884272135355,-1.0851627615695072,1.8864865247856633,-0.9167275616599416,0
0.5885498492279383,2.2883206114295245,0.9694676727718785,0.9952112224773986,0.7464048580783951,-1.4888228739860212,-1.2709025427570482,1.0434934509829004,2
1.4069305870338078,0.816767563046678,2.302468763822472,-0.5974233651432281,1.8962345586240168,2.6143059101155615,2.3180933564614974,-1.811937524383392,0
0.8393292285744147,-2.2300248401418252,1.6810687274184897,-1.8604479999243069,-2.1559429450231296,-0.5245929082858178,1.7618021794489482,-1.7866546204682026,0
1.2909911767667177,1.4569408902924759,4.1823973647970565,0.5469610954632903,-0.4262420055506131,-0.5112055981883847,0.19327260858787657,-1.816957180987927,0
-1.4671862062199716,-2.902687379558585,-7.463346650440241,0.36141552377197955,2.063392738322711,-0.09110894844013195,1.192920952692306,2.684062762369721,1
-0.04811261460475347,-0.16189810855738263,-2.925376460640238,-0.978322207591943,1.8976976284171116,2.655890239145517,1.0167674102181026,1.74857134256508,1
0.6220641061319285,0.42124672603507063,0.2855848797990643,-0.038140085441648916,0.9797262791794479,-0.1532424635651426,0.6973274362297013,-0.09247571005732347,0
0.7889711524107768,2.316591916150922,4.239010325451009,-1.0225853502720914,-1.034989381759949,0.4109139789837257,-1.200921358706441,-1.0035846829274893,2
0.4685166637086672,-0.9751089184113484,1.2747541687465596,1.0080040042932596,-0.10361868377153882,-1.5811107199160026,1.2365125911688342,-1.922540459903656,0
1.2292546738593972,-3.6466256080500434,-2.1038193074931133,2.2947685915477845,-0.8212174430038859,0.49794597938326335,3.5396677670221877,0.38840380315240886,1
0.5324326275979845,-3.1867189137905534,-2.6810480789921427,0.9898601405859991,-0.05649740310837159,-1.742176852504552,2.5381059065756997,0.27227300513280805,1
1.3520544685071814,0.6385409220438645,1.6314736573470736,0.5794189828989692,0.7865969177183547,-0.6266334352200946,1.1618203189325782,-0.6333701209860492,0
1.9248506770827924,-0.6243761761972013,1.0390123770413535,0.5957022501755148,-0.35428660566000936,-0.5818332923417018,2.017634691532524,0.07004554998355017,0
1.6610874366984796,-1.839201880379228,1.1660888433916885,-0.22064275011577214,0.5643264998433535,-1.4814113112014526,3.3600877255266446,-2.125439687783092,0
1.0977558393115587,0.2667996334077263,2.1186251801285945,-0.3279419202673591,-0.6653193529407038,-1.1064148021181024,0.4966200434265411,-0.7245820828423666,0
2.1921250945477135,0.8705295396426407,-0.23793475436020217,-0.32662348908556743,2.528536070216302,-0.8739528900967211,2.189241250510714,1.0757690469732741,2
0.7346060156689861,0.04447647590445181,-0.4098613603151113,0.5963970691176537,1.6955428288265413,0.5377761447553437,1.5141316392950712,-0.08380934450547195,0
2.1340722497575326,1.5093054606170253,7.569070066868562,0.5956440575697195,-1.1205584536142896,-0.173499839937721,1.156728178946032,-4.2626604591904265,0
1.1581991790360175,0.252167888960653,0.9074566647402498,-0.08338014443846556,1.7067963316815205,0.9980052953368804,2.0026587152533395,-0.9633271152778174,0
2.6241633275931546,-0.11544766904164128,2.67295241152084,0.3388915982185217,0.014985652311275244,1.0738372362938449,2.8988397146334024,-0.8490386461939878,1
1.3654625122967239,2.163925121202846,4.235328529963135,-0.36010595263818695,0.6707626067043109,2.31334894437837,0.6729858202568296,-1.80609078577283,0
1.8751203690361518,-1.4887307099546332,3.988798497349098,-1.5534277984667928,-1.3692516493093236,-3.377381392477185,2.3737553935868974,-3.3939919488512866,1
-0.6894353863234977,-0.5842727479287516,-2.61719062957871,0.6082288953073121,0.3893096593187908,1.756831476057358,-0.04021624204301275,1.5124396650863754,1
0.31780337550084314,-0.40574593194696795,0.4883395648156211,-0.575881712458321,-1.3034370347637685,-1.638855730372931,-0.2762067678743667,0.19639948803493468,0
1.4730500634974826,-1.118927351793345,-0.2647442003187333,-0.6741905603382268,0.74596413465325,-2.0255539651205243,2.266508238197885,-0.1787300095606188,3
1.1763386362192019,-0.2481708384296818,1.3594060433705757,-2.899893780274999,-1.2076909206312005,-0.6366200274499001,0.6423248555611364,0.06895591066069717,0
1.2378573597266125,-1.1700872265411446,0.8666935968270599,0.5205530577324272,-0.6473426186339652,0.9064470789768537,2.011138287499502,-0.5679632044160858,1
1.1550304825019735,-0.7178538900740801,2.0355154593731895,0.4788187482130753,-2.2528710535887475,-0.02765233969358183,0.6938220975573332,-0.378655243827994,0
1.8256853218519797,-1.083338741287391,1.8811316993130833,-0.0027502410341822625,-0.9863501864791385,-2.3093110169284996,1.9091351829511483,-0.9842543893949147,2
0.07773604910504239,0.49676334132783817,-0.18108567452774307,-0.2641710099153342,0.4380572415827262,-1.6688570615696339,-0.4446164535110499,0.3700505854017948,2
1.319069476548365,1.5700754325412065,1.6732448612434692,-0.29340551584204505,1.5085315947227786,1.4912881133923475,1.01952863119393,-0.24432778662238586,0
0.6746024413232643,-1.7098941736116067,-1.081087812578596,-0.2702767610101646,-0.8520009083178188,2.3220358424042455,1.7710815759106484,0.7670574634437306,1
-2.3571714914828097,1.443327783073018,-0.69105615714191,-0.9159247272624271,-0.43017633880889683,2.331639347192038,-3.2324698424539156,0.5970142614398841,0
0.2557120465443947,0.5951463181548988,1.0824896398439818,1.1825657270608714,0.6688546764538754,0.8009267888060916,0.378705693248526,-0.8392732574404727,0
1.4236007639640946,-0.6714809997033053,-3.375597092651562,1.8095149185186066,4.572177943953723,2.2641697474128146,4.040993797874643,1.0583808609028669,0
-0.07601508946108493,1.591303960633954,-1.754976514232396,-1.1221532378809973,1.6183906671091965,-0.16862925643569315,-0.9974502781016137,2.2303174640797,2
0.30502009818427456,3.3322837467990976,3.785736644329349,0.21482650611660128,-0.3383179073984305,0.2759750427266454,-2.2415487100417515,-0.4254568542771735,1
1.7368648692995343,-1.0743511394949068,0.5940989123272057,-0.7898474390492546,0.3013137476521732,-1.8019429696807236,2.387400825682401,-0.5346205821648106,0
1.8548180582243883,-0.55487700927295,-1.6545447055682734,-0.7219633271251292,2.1500310252908195,0.9919327591446181,3.0317203084276847,1.306168750100599,1
1.2003741708198448,-1.1733466371894734,0.29713579600761425,-0.4702435923032813,-0.02341292098066894,-2.246057347154336,1.740125924045799,-0.5320408877693565,0
-0.12299204484372073,2.2415872916501107,1.0911118222225977,-0.49605231253974436,0.45640501703867986,1.6341727962980603,-1.4471828235594442,0.6000202460110882,0
1.4857992075556963,1.8101680414144066,1.006988370238665,-1.216325832795099,1.8532473784501131,1.0340043016532436,0.9180254677279256,0.5883409527407883,0
1.5878140981548918,-1.081826983699907,1.3896661029575015,0.12407272571949352,-0.9812297677213623,1.992250301136582,2.28722051916772,-0.49361004551430243,1
2.656712763032311,-1.9912401775829267,1.8332826370183835,-0.7604181998113736,-0.5765785028939703,2.641081817533413,4.402270024278241,-1.2372146468054246,1
1.3641860985005247,1.3898049272747157,4.745219251164855,-1.4494197291774182,-0.2617004252230961,0.4637432886305908,0.6749772491405645,-2.5147778506802636,0
-0.3814339315403996,0.9603622587084643,0.7144775189371922,-1.4609249386516574,0.44123363448186637,1.5283235579730587,-0.5582994420332449,-0.42306117714723035,0
0.41329741700768285,-0.845890414535833,0.0868838303344377,-0.38040725741084613,-3.0421331077634215,-1.1518104567499912,-0.8009497303221513,1.5271440017059463,0
-1.1531977317937239,2.709803480580287,1.0917738438095845,0.187538784413962,-1.536490524918697,-0.9219428137064054,-4.240067219493338,1.516695184393086,0
0.6302336694843826,-2.6626720243668913,1.411050464277246,-1.4760670917717218,-2.603774322059036,-0.6198969581674716,1.6719996891687103,-1.767395466840933,0
3.2622561045073004,0.9431546799156452,2.227984051125217,0.3593025800857549,0.07815576824393089,0.7766899649186683,2.312950970964621,1.1159597720164047,2
0.4822702762648675,-2.0502528534546123,0.5084766065846619,0.8534214514921151,0.2181596435487987,-1.9035149934154298,2.228314317021985,-2.346382277683481,0
1.662526490284717,-3.174623641753089,0.6763391299060276,0.8618168032188236,-0.7461386619827752,-1.0112104542279443,3.8226186402497926,-1.9353451687365515,0
-0.40060725588716717,0.7476298235455263,-0.44146021625647863,0.5102276451696075,0.18082181201138448,-1.0198152697815808,-1.1569600913629838,0.7071353919349228,2
0.9077872408117783,-0.6339505330858501,0.41922755906775966,-0.719006667681404,1.5762735966946138,0.5942747217518741,2.3937823892334924,-1.4091052946109306,0
0.50698684239103,0.5775105096839301,0.8329025833810836,0.6494973648592396,0.9536411463887322,0.7699963453466272,0.7012250267517653,-0.580778212856905,0
-0.6786283025860995,1.2406637066819968,0.05115318809049241,-0.09530972104935061,0.004404351360731806,0.38200890962269285,-1.619502063473366,0.5908658256860484,0
0.26089959193382495,-2.66992933126968,0.10145300273318097,0.1634054740224038,-0.21014368743738165,-2.7819210208870384,2.165310322201976,-2.4089471576062667,1
1.8721148544012638,1.3770471856153963,2.1904410349659678,-1.0642215103355075,0.5745229151245057,-0.37458600807073017,0.9141680418901521,0.04916813568182532,2
0.3066949553190551,0.2299748463020681,1.2780119482291592,-0.4678221828322661,-3.2241203487748185,-0.39765555373038175,-1.6317407741647598,1.3309515785577917,0
1.1690457642464709,-2.2105069177723644,0.2740390652986787,1.5080475914191533,-0.4321512575736093,1.1572243096450574,2.9683602352278595,-1.119559878796241,1
-1.0878159722046163,-0.9551331890864591,1.2297018897900887,-1.0418475454405287,-2.2680928458225647,-1.7272057981275193,-1.288466006261965,-1.60948898507699,0
2.1988544184477004,2.0151349683901287,3.224846672746225,0.023895096986299567,-0.415564571980534,-0.5595217523669733,0.18929946043565088,0.491449871720957,2
1.1383963816974887,0.6697499272796501,1.435766119123826,0.38124426647807275,0.9956396142978812,-1.702660006944516,0.8784546270023268,-0.749849138956685,0
0.12846659058361776,-1.431197028129124,-0.08286513563790235,-0.09996977981690322,-1.4612370715860623,2.4652332364783067,0.9570300599039895,-0.06409263606335736,1
3.5839104362013527,1.0563977601989756,1.936709506362063,-0.33869133992187517,2.949287505058206,-0.20099330515339342,3.906133749242016,-0.2471198049501384,0
-1.5819539994600276,0.8973268784920764,-0.6763468094071939,-0.23433491104206355,0.21695178554032846,1.961746804549668,-1.793484053216319,0.22240868514321033,0
0.7152185179747765,-1.1837112168742965,-1.2808457322586062,-0.35071044462349615,0.14431132498835753,1.9995655481864272,1.7961860056001566,0.8109809704955596,1
0.6169018206125039,-0.3332568963690423,2.294841737566187,1.399283341270051,-1.0143582822344752,-1.8572338339313381,0.39641303898539276,-1.665569698857374,2
-0.8829157431384309,-0.06916565805608954,-2.123959860971645,0.18676205484824018,2.023098952400467,2.7797876025897486,0.5292258246875763,0.20096937084113042,0
2.378870473482884,-0.49915722763659276,-0.39059584080725457,-1.5081878543539287,1.4504774276693588,1.8107066728962176,3.375440870479155,0.9328103748245836,1
2.2654356358434367,-3.6854263590195178,2.412468881994731,-0.6099007628719224,-0.7296980794371517,3.2717755315550376,5.802627915872355,-3.68134806801939,1
2.0689650391459846,-1.019698565937394,4.638353862369401,0.37955030461222966,-1.7852314661524147,3.253542909476227,3.007644085099816,-2.9654696988188736,1
1.2705435211015732,-1.1589207568321347,1.1256993755183242,-2.057966753396755,-0.5354120438454835,0.1664755243036834,2.0299378369694683,-0.9171010123039607,1
1.3290778826119325,-1.3988147468210808,1.4067375876810944,-2.5884166322041997,-1.7590833430912234,-0.2846784342873232,1.5818389914815312,-0.5616928247003601,0
0.26675032102242047,-0.6715909663785364,-1.7924843897954552,-1.5215968426326696,2.3088491526175314,1.3049131494240613,2.0015722408800842,-0.05207026341761567,0
2.371179125832461,1.8693934502643055,6.494229723037164,-0.06184008396068339,-0.4144392155935537,-0.12464307435324784,1.2014333935580306,-3.048972289223353,0
2.6426279939264488,1.5964971633028981,4.045088604901162,0.2349778748162469,0.8790990179922579,-0.591077096725287,1.840105843278867,-1.3503609123288935,0
0.514353934670731,2.6994965232017227,2.868415884566678,0.8965886542360184,-0.5481948370813989,0.3128721682958997,-1.7905930818147993,0.28490587869559003,2
-0.24694489775022443,-0.30138818589383454,0.7096527294196688,-0.1946766623579972,-1.291762737185742,0.2514108850650325,-0.47381375355389943,-0.34631261709212735,1
1.8395188814466008,0.7676375309326099,2.834881767413503,-0.5593299381372452,1.563921164479488,1.4441442276643222,2.4414953710181266,-1.8931975939561556,0
1.6654891282777862,-0.14888734560858108,1.598038095626647,0.2482739329114458,1.369641570196464,-1.6838703195950158,2.3091856696632966,-1.5433111444505725,0
0.670411545332384,-0.7113826632156117,0.8588607959024243,1.9044335081747408,-1.3937263649359772,-1.1986003468434208,0.37874579537653746,-0.1329706202805121,0
1.6745647363948144,0.44030825076508795,4.338401852381339,0.9994190326779112,-0.11461816032051164,-0.8753631502085342,1.5991714012783806,-2.88035727759404,0
0.2195440620186545,-1.6084835694775963,0.7425567066634626,0.9327436083455788,-0.3513125593531037,-1.7261801881637928,1.3563689768018936,-1.9854853990160892,0
3.3736850742144715,-2.299132513182039,1.2719052745952961,-0.5208636651508562,-0.034593020445709444,-2.504070884031931,4.655906507880251,-0.8997284121126694,2
1.9499140173640601,0.22966149556557514,1.1064327703608325,1.2691726564583794,2.252358505307416,0.7378661188726905,2.9626419378784865,-0.9476229608407861,0
2.778473366493286,-0.4962756789893079,0.6065452032604137,0.15971772868210007,2.858451566089837,-0.4348264989631394,4.357815378931936,-0.8911909082340208,0
1.2769488057384402,0.7928498465315716,2.3671659256594464,0.23538826054801248,0.19288749925953463,-1.1424813701377798,0.6878025804779059,-0.9481562906930578,0
0.10523013686381699,3.4911276113882206,3.7223688971049524,0.4726630560767134,-1.188464883559568,0.3340589061409106,-3.0416119619597892,0.23186376031650435,0
1.7679205664136215,1.3733760569301046,0.18840093189841173,-0.02302485444650096,2.0697075538808702,3.5552136328084676,1.8938435287409148,1.2272684046784383,1
0.17543015312950405,-1.3211238406166512,1.4373399330671317,2.501645035135113,-1.222856471785928,0.8724275736274805,1.0954066075767455,-1.7974561434478629,1
2.001991231888028,0.2781350764033971,3.0809241235867604,-2.21004278929018,0.916061157403981,-0.41380704460023554,2.4156126813656047,-2.1085019236364526,0
0.41541493604656343,-1.5586622267228112,-0.20346429569104563,1.214973511292237,-0.29067565093496994,-2.4043876548175067,1.1996698628593625,-0.8155556978622627,0
2.4050063693866783,0.3785212245234304,2.6935508445639935,0.48500129152322796,-0.7668216156746273,0.4771028638930379,1.7264246144093454,-0.04863826086105538,0
1.4006072084608445,-0.07224296517107365,2.03162695389903,1.1384155206557094,-0.958502285138964,-0.2060426208667674,1.0034862690586004,-0.47019420540136614,0
1.9982468933836435,-0.040537026858527225,-0.2969220665399358,0.13164456691928453,1.5951936115163625,-2.527806651709963,2.0800036490731544,0.7048613736678409,0
0.3430166627268225,-0.25939035941524846,1.28364346046701,-0.13592728985576719,-0.0766014175627453,-1.9895685771842215,0.4243910331589187,-1.381664016522515,0
0.671523559269297,0.8755784546191306,3.043892557792453,-0.6382769656971474,-0.027901401655546332,0.6904475481778771,0.4290391337918373,-1.8789040603166627,0
0.48029676453077574,0.8116285463314457,-2.8628445236270488,-1.5807508173094416,2.8622456806071668,-0.06918966786894754,0.6729926114624493,2.271488345843146,2
0.630878159005519,-0.932838652253954,-0.919672481615874,-0.629352099686685,1.3399953049009556,-1.162293838111299,1.7711589082817238,-0.3617657565134187,3
2.298207481767764,-2.57904046945845,1.916471322638113,-0.21903181435247787,-0.8021932629700098,-0.1623982420234158,4.121736054193568,-2.1248138186539287,0
0.7223874507856123,-1.8380358831362993,0.21536691179719808,-0.8841584799437681,-0.8585369222581631,-1.7162537966759253,1.5669006313754161,-0.8653542123157217,0
1.7401854525783764,-0.03915493074150378,-0.4026858211793576,0.1443434672966939,2.2132655036356685,-0.8581905034342998,2.468441375907874,0.2357184853893466,0
1.4595678525930063,1.2247276838024832,4.778483900154658,0.6301487764278614,-1.793388841415469,0.9326138633166089,0.09964989183297025,-1.5391630248765185,0
0.3370196673690322,-0.694787242367125,1.6241607701717868,-0.01016572074277691,-1.392490431531927,-1.2185746450491957,0.2557822605830711,-1.2230475733999557,0
-0.01469598011860307,-0.5230267755065078,1.8916331070418246,0.004601087097138987,-1.5734574089755933,0.24219294963221105,-0.004971512261294763,-1.4574106090825947,1
0.9199115300306069,0.1748261193059153,1.9905797296809273,0.3562167098144623,-1.4601374889339984,1.1507608554019138,0.3063559539693894,-0.18051275478383966,1
0.14732386986572754,0.9291030608537316,-0.0002771952074203176,0.09110086660612234,0.2176518483555413,1.4678413508542598,-0.3981288743185868,0.9106979083952608,1
-0.16985323172553857,0.38592553674975716,1.272798187869233,-0.8974915631672096,0.7451863913782749,2.2949992512618067,0.5528669766447561,-1.5948605205781659,0
1.8911400502836928,-0.09561453914585016,2.254275256993932,0.47291708452549563,-0.7705568299647183,-0.41822811898448464,1.533036154159742,-0.4739910468990225,0
1.7287414298004178,0.5804381271331569,0.9036146914722047,-0.7893470120509625,1.2067485185768323,-1.4881897563665403,1.4721491424524626,0.08435278272411728,1
1.6226902782688426,0.6009338228237,5.3442684603935495,0.39167061561527167,-0.3563472469379483,-0.1714594235004605,1.5847846766773614,-3.667961940062614,0
0.897001393863443,-0.2675048737117147,1.6967710737633344,-0.24032823743301487,-2.5607881552323892,0.001735962443630612,-0.172235374919373,0.42840057635116846,0
0.998253758994526,0.3041117867697657,1.424853296309492,-1.7794294488516276,1.1238111010594602,0.6025977532661221,1.5372009761067544,-1.2113549711828693,1
2.259508365525414,0.47757343125421503,3.5030086656015946,0.024407339533162126,-0.7387089079461179,-1.022995880505743,1.4703027236881143,-1.025641625298851,2
-0.5484960078987815,-3.288584918146823,-4.836634385832958,0.3406541364121413,0.4477626750874576,0.36780717838279664,1.9555137813555303,1.3576177433893095,1
1.4000177156246776,-0.31632595335176905,-1.4053162527327463,-0.030402766530498528,1.657903680881469,-0.23035980900225872,2.02942861957056,1.1950692021934368,2
0.9604767244840782,-4.187797867261958,-4.7179602411536115,0.9902384537051827,0.5514492240185647,-0.20670771132597876,3.9780039058258594,1.504348680927928,1
2.103742290696811,0.8286166687108826,2.5555160289587415,0.5074209278332887,1.7472982136442017,0.9011797892145966,2.5570946679647015,-1.4632730062162023,0
1.9396321688494975,-1.9919077710677078,0.7724966949084898,-0.8522016313215837,-0.03078137320794261,-0.8039877860430509,3.402269874210762,-1.1745848496220597,0
1.9076206847324464,0.11613205805553783,0.06455939372542444,0.029102708325022607,1.2671229217020994,1.435258227437588,2.3602384261386495,0.7587706228113811,1
0.788873455102032,1.3912456350336881,1.765356518658421,-1.8348080296345557,0.9807020740922098,1.0907583322643208,0.42127128019772486,-0.5921670302818123,0
-0.14371933168760176,-0.5931929665212343,0.7538429038210543,1.1470613778404304,0.6820999429305574,-2.500838396961809,0.6021299407155525,-2.073673818687257,0
1.3167990568511168,1.330398793668664,2.7960524339879536,-1.621394156122169,0.8934018949581373,0.9025183227256088,1.0263555927433357,-1.2861023058225558,0
2.9543625098710384,0.9072886058910559,2.3598129949926294,0.32584085214792474,2.8539661627146087,1.255909222111998,3.806694175140623,-1.24547483770547,0
0.8292035693437624,-0.6913687367857682,1.4294141557954996,-0.7812967068230585,1.730377218614044,-2.0933643101290547,2.266705977621356,-2.8304280750879203,0
2.795649274037553,0.8148634561604935,3.57805861057535,0.5767938239138171,2.3869451211947297,2.3269700500405213,3.914657595799371,-2.4227129154861498,0
0.6703667707819515,-0.4925531400100088,1.9055460348583364,0.15964776940790298,0.19209056780167644,-1.166116409127477,1.3099318039700352,-2.1740816159548313,0
1.1265004864729653,3.2230476392992866,4.948191552751611,-0.1358547163882445,-0.2999728421483343,1.485876354456402,-1.0444087049802702,-1.1082740682301127,1
0.24168168264234058,-3.2336509336056203,-0.2106592518992068,-0.10611951556933184,-0.7290071323833877,1.5393038204176546,2.980406648903604,-2.108347099081393,1
1.3028891913517464,-0.7499914705380865,0.23415201973593627,-0.8047245724183811,-0.26755804110598136,-1.3810111039439779,1.4058961470055251,0.22822407959003743,0
0.7682875047811535,-2.7163990567330814,0.5098402552827551,-1.6644767353332222,-0.7379424544692831,-1.7388452471873075,2.5489781575876966,-2.0760454313859524,0
1.0200551944313827,-0.8080533511132649,-3.9496552120896644,0.07272462740328739,3.0044415469234793,1.1722276188971883,2.6591302636387955,2.284775250107309,1
1.1304883964123116,0.07977876800670058,1.9151616512140797,-0.13415564209226424,0.18090395791281488,-1.1158250285100775,1.1417673751151127,-1.2505528705473608,0
1.0714558611423017,-1.7843021639786782,2.0697890997442774,0.12181470577485806,-0.5804214537662924,-0.6123852148716751,2.5043064080983695,-2.7021195918612415,0
2.6993270610998765,-1.0477520350933547,1.7724183226353594,1.2030478522059247,-0.23073064235136775,-0.06713103396622211,3.324184653754451,-0.5702158152169579,1
2.7371681663833147,1.4955446069819711,3.6468457117076682,0.8525958032951028,2.4552215646264015,2.6468318683685226,3.336714574100801,-1.9290746968984394,0
0.18815174945185031,1.1695428223810878,2.042425279376976,0.502714891773257,0.897692453195803,2.693495709760749,0.41184663923262804,-1.481267683003365,0
-0.14567550677299934,0.2003862729185566,2.4889195256467853,0.2214776976759162,-1.0419453148048117,-2.4111860730363395,-0.7634988027190632,-1.9873963873890506,2
2.6190301418617787,-0.13091807677046652,-1.1144021265652333,-0.8160378953942717,3.2360048845394216,0.15405619651108093,3.846297542975861,0.9565587317509985,2
0.7178249707237574,0.6090570557177988,2.3335346615353276,-0.7422480135662024,-1.3443974039238866,-0.2748420675135024,-0.34085556727264255,-0.4337632432401084,0
1.6376700787764424,-1.896623885202535,1.4937951797995672,1.5042142828299232,-1.5880424476941641,-0.13712772248801597,2.4285829419047067,-0.9968694667684451,3
-0.10506759638602459,-0.3214509192695375,1.3104665130151893,0.9495229179610088,-2.5153509796539533,-1.483714798398978,-1.1939716290813895,-0.10540575130453056,0
0.6760279862370542,-1.3755312399020614,0.5496779933109708,1.410213804814408,-1.0322350366814796,-1.389711790990331,1.1180466040192314,-0.689685183335681,2
-0.06577490819284937,-1.8962492025056483,0.8664895722929863,-0.2283383352994422,-0.45947587305713045,-2.1184568269701085,1.3025225474848618,-2.567013185731847,0
0.3260534741991902,1.9199617907137632,1.6123572229895595,-0.561782494830015,-0.5329305237027521,0.6155048288296823,-1.414620745643093,0.749781208319577,2
2.0789715663677075,-1.756936912453682,2.3107061254823487,0.5068774563905613,-0.4659138406338371,1.312063634101783,3.68536214106238,-2.1280082599426278,1
1.8493159438918254,-1.4821729639287546,-1.2923683229325567,1.1512196407856137,0.9389588449600256,-0.24640757487736953,3.0766101169280256,0.8251038592701185,1
1.0377839750188287,-1.2108355448601544,-0.03929840896323065,-1.4896374214361092,2.2751313317062376,-3.084989886572447,2.7743349943607276,-1.9786813404765176,3
1.8176768245729562,0.6660321798109243,2.148245674344234,0.7917964128034704,2.00297251605389,1.9189688516935908,2.704524120099451,-1.5531732786579178,0
-0.5051824268103617,-2.052314343316679,0.8897701287962704,1.1511294059581902,-1.2091047840853009,-2.170785277724983,0.6662270106571991,-2.5759749732664825,0
1.1316387564634462,-1.527979797637814,1.719217808953031,1.2526157196195573,-0.7897868492525735,0.957879784575455,2.362454147215699,-1.8232443059354813,1
1.675948464974066,-0.4880873570701536,-0.8715636439668046,-0.5869656870923221,1.0965626718907027,2.5406033562370434,2.621232246071662,1.1673471879918178,1
0.26535574038103293,-1.509685616535336,1.8439744529397546,-0.9205828940058789,-2.1690957294319704,-1.01165082581299,0.5885435864399509,-1.749394352034767,0
1.1985299470034234,1.1497768973152458,-0.9908872821970485,1.8438986920019504,2.326062628302486,0.3834329730215955,1.0689533265801434,1.5384522545783934,2
0.2800678629915605,-0.15182684382037892,-0.16253122456063973,-0.7492156170889224,1.266116145309853,0.707508429083341,1.1686205465983468,-0.6043958545603213,0
0.014874451733031813,-1.7255717296571345,-0.4360208044997843,0.6198091075303009,-0.8366170417157575,-2.254098363412192,0.7003089655152843,-0.6608130780204449,0
2.418992538082094,3.346042661146921,11.028121018011237,1.2902611290460646,-2.7795718426856912,-0.644381203334315,-0.6504024929477799,-4.882441159092403,0
-0.9597826749626002,0.1384003499256976,-2.37951284735529,-2.5108350014014515,1.5670170529374032,1.825181339418837,-0.18820250550473153,0.9017372774907362,0
1.9946747683370574,1.3292640260762436,4.389719297848582,-0.3674105867948155,-1.2721193871014416,0.36133561700325123,0.5560214309173541,-0.9657318964410211,1
0.617834357357979,-0.6173125905891422,-0.8450606108883887,-1.0463548733703751,0.0008540649473259831,3.195774475502904,1.3830119576288646,0.9438508070459898,1
0.40986598831058263,1.3112202052313648,0.07253763921280842,0.1196002626671043,1.221207193461028,0.9700036046532011,-0.03073406169872488,0.6897957540961484,0
-0.6501026013735307,0.09290547966572815,-1.126003928072264,-0.43874592004829344,2.0033745620554413,3.3512341661821754,0.8436763294404998,-0.5049361583361687,0
0.0008036068191377144,1.083943060418241,1.8611786702065674,1.150607550593069,0.16702924510945472,1.1665517491915185,-0.35076544921748615,-1.060067470019364,0
1.2573669311355151,-0.5314462752373381,2.2687241039161967,-0.9851944027873477,-1.604224583432548,-0.15093716986623062,1.0037194918396966,-0.8299174488627747,0
0.9831637330849995,3.005376437044111,2.5293604602160715,1.177544724769586,0.1938322688229147,-0.9482147321063981,-1.5432686512480982,0.7638007872610978,2
1.789026007099355,-2.4097059877513782,0.6786030086125467,1.0936976406914414,-1.8332261143478985,-0.9223959180808158,2.5957698450271613,-0.3344213675280866,0
0.18929900052686133,2.077570769189003,2.4748881035311046,0.015227020617449225,-0.3144614159100253,0.06684438811685345,-1.4506413916293524,-0.3216358813232104,2
1.7145851947332111,1.3807059131921413,3.3652937812984676,-0.5481663559692463,1.301275346784789,1.642631726263465,1.7595568487358493,-1.7926065325612144,0
0.21974742135446945,-2.147976862574064,0.2976385045090914,0.2884111487160616,-0.9749844722519164,-2.2881928593060517,1.321466202304582,-1.6007197238922695,0
1.8620097825558735,3.1760227616332957,3.966974038146141,1.6512365786872862,-0.9223410544827416,0.6765501538923075,-1.10738244722876,0.9224245656034509,2
-1.0888206351558822,1.0375784540426762,-2.6389298480891568,0.9939297571216518,1.7359356665221697,2.2697545873784013,-1.0156807050742587,1.8380492188436057,0
0.5926011808925384,-2.3934337182131906,0.767022524970117,-1.249395203059528,0.16822677329254332,-1.9109573589416193,2.6585226546265353,-2.8318712271983184,3
0.4156411654317509,-1.41631011748401,1.9661905252614742,0.4879054450741863,-2.6329256444062477,-0.42345832291810404,0.46826124654190293,-1.3235647090738707,0
0.45383290904353524,1.2867018466031825,1.2864084065649242,0.09412426778927614,0.7092425763807553,0.9105785219881558,-0.028085496282447366,-0.2606490395757305,0
-0.2951121426372103,3.4439956053836895,3.463844044881954,-0.2855036969711149,-1.052955380038938,1.1799592676724862,-3.157165205462929,0.07595458469856231,2
1.4349784251094782,-0.9777196316674236,2.2324224294312787,0.05976783737328261,-2.3083708487934445,-0.06457299524723481,1.159449454579171,-0.5759266654408886,1
3.2778216965057805,-1.0408183097577413,1.8111832658247509,1.029882539130331,1.0080557768401648,-0.07812916323177643,4.494316487520545,-1.0040278193010697,0
1.4162376328748831,-0.6059690480590116,1.560213415762744,0.4121091610202864,0.5160493780535984,-1.2982688071126172,2.098550238564382,-1.5308043322711642,0
1.634871278140767,-1.4165672198957715,2.549004766376158,-0.32894408535730224,-0.39729967655154763,-0.10640436020651634,2.8874854350129913,-2.5215855956752637,0
0.12162617133873577,2.6787677765783293,2.394241209644895,0.5736870300025537,-0.37693078627159626,0.658657385640659,-2.0258257720826314,0.35225547753873965,0
0.9292420018701228,1.1075543475934322,1.9159758265383964,-0.5496045846648339,-0.3203773595350502,-1.1305658129682954,-0.2666754182636387,-0.07847455556341942,0
1.1898037720790335,2.4076838187005944,6.192327769963196,-0.8214695290296501,-1.1436859950062561,0.43442023775487504,-0.6274415556806702,-2.6364617627897644,0
0.35619701130731385,1.471401127685287,1.3528335147490278,-1.4891464178991283,1.0491778822617905,1.9245803074290573,0.08930550562332275,-0.43824717073709885,3
2.4963430020569053,-0.49954059005106655,6.829707285568463,-0.060917832770783234,-2.5006315439711866,-2.8721887422896972,1.950140748896541,-4.215828961811546,2
1.4710192512423397,0.5030916957717546,-0.3310782988492657,-0.5520580017774016,1.4395534203344984,-0.8213244210613206,1.3247267504134344,1.0028886928695115,2
-0.24896546749732917,1.6314226099844857,3.76825348241352,-2.7222777409231447,-1.5385023429137974,-0.3631869658813436,-1.886288768712718,-1.6694579646363672,2
0.6732514484940599,-0.2288095708046194,1.5528538136293029,-1.2334975839449034,-2.4764664733397237,-0.509517868691084,-0.444528288431683,0.36213039527879487,0
0.9151536298749658,-0.43419238068792354,-1.7010621323079913,-0.5895673839924012,2.848762893856357,1.0745017810772213,2.5854864458826134,0.21794510099401299,0
1.6463961103026312,-1.3171059376459782,2.566743411071465,0.7526823152860572,-0.2238770605295931,-0.3138493928724452,2.8754328302112735,-2.565226234161901,0
-1.1264068460396,1.5501934237017427,-3.3129112066310578,0.87362850207453,2.421256044925825,0.5488481122787832,-1.5326879818350334,2.489795705621018,2
2.25572679950366,1.6962374113132173,7.62079043544956,-1.6376049174566718,-0.8989728071351917,-0.019591572595860196,1.2404622740146953,-4.190530674842043,0
0.942712351171815,2.1267798512614875,5.779231683198324,-1.7021343999747023,-0.31646167242138623,2.803714188361176,0.19853809473506925,-3.1552093545544206,0
1.4141456250434206,-1.1574701457572525,-2.0278419645070778,-1.5272956904278092,4.170501603566032,2.828485082031448,4.6195923702734785,-0.5791981271045743,3
1.5488437742232812,0.07902589189063258,-2.9851280078376625,0.6148413973029732,3.8643176854779537,1.0403931135120363,2.922350961062836,1.9094199563836,0
1.219392482044263,-0.7154607207533386,1.6698079116621152,0.6627258265192667,-1.010732256233967,-0.21169572295822126,1.3552660487718016,-0.8049279659906254,0
-0.7084887919734251,-2.7360437777996856,-0.6206585602692926,-0.21347213599941883,-0.680344256500681,-3.405734762762988,0.9472679654414208,-2.169881571056948,0
2.0585552192852377,-0.09887401753201219,1.7825780111603786,1.0779017394533252,1.9619723141881948,0.4234702734783671,3.277585870771593,-1.7166474385602728,0
2.2089346787744244,0.554762828726284,6.0065924882876605,2.569907035475335,-0.18729828346633348,-0.12017765082056919,2.3312568120066586,-4.071124641429934,0
1.9340606565978051,0.22516916645384988,3.387936388638335,-1.847408384527915,-0.01709511762524607,-2.1138804473429196,1.6734601131659286,-1.9535304787456957,0
2.222031804317777,-2.5166091385338056,0.31902772734965473,-1.1874654017384385,-0.7664702208789806,-0.595818330674594,3.6284811119495948,-0.43010995258518325,0
0.9978585914164484,-0.5149432360732156,2.660117456385638,2.484969953586654,-1.6975253897691807,2.3536695779814876,1.1978349240837667,-1.297307594689466,1
1.9917037857390234,-0.9164933059935956,2.270012200038764,-0.429063876901458,-2.386323286535569,0.8385371812419748,1.643148925839937,-0.017063979491756864,0
-0.8283327571360375,-1.8250288143520939,-0.5119795323149318,-0.4924903908336654,0.2239585743622079,-3.5547269671052617,0.5242539437536607,-2.1525352614286435,0
0.751966899211064,-3.28278897166019,-1.2559112312336822,1.9324594974495528,-0.5341148648168514,2.4409736291509985,3.4648989314036944,-0.7071534308635026,1
-1.3136543842817798,0.8763565338121401,0.8170388266892838,1.6224983409010136,-1.1076312867902507,-0.2729672824752647,-2.3651079546688583,-0.35195121091119097,0
1.907553895890788,-1.9812032518387732,1.4844273371459848,-1.4091069277559771,0.6548745192894709,-0.8123802432223926,3.9077947312221997,-2.446630476706532,0
1.0142450855348502,-1.0264386290395249,0.19279834334507512,-0.503504161887299,-0.2776155405860655,-2.1599991519027286,1.301692013526241,-0.24798629870751376,0
0.2630658481709166,-2.0835194260116454,0.9511490429604226,-0.554337967313331,-0.872372459233828,-2.056612228154533,1.5249115548802403,-2.278192608376287,0
1.0184143741103824,-0.6234382714769743,1.4561018395206262,1.6739015887420603,-0.2896749842612991,-1.6370805310435912,1.262871792703314,-1.2051122334207838,0
0.44780783425172443,-3.675098158297419,0.5089313795588324,0.14280939244258323,-0.2178465476369077,-1.9325169742125163,3.46073600404122,-3.6281053686322795,1
1.479063805369333,0.499357880807734,2.398117493641655,0.6569471123242788,0.8313850587529023,-0.0866069685631139,1.6587077951341098,-1.5093611682208044,0
0.6257472664314081,-1.0727236682675887,-1.6669881153121804,0.5542247039460395,2.55339873121476,1.03304130348336,2.7833215622556553,-0.46168691856156874,0
1.3186141227599504,-1.5050256348761284,0.8895467236608965,0.3144794724834049,-0.7222734996728539,-0.9736218299862045,2.0579657555909714,-0.8621071743491733,0
4.710112706529449,0.5402920989290398,3.5652533839670797,-0.7276723548562242,4.224537281657397,2.236909878523008,6.722127099928057,-2.403565138328293,0
3.2327759096498285,1.918955096814733,4.559530936268322,-1.156978475142292,0.7161553466094802,0.34019129452112384,2.1598909039662395,-0.9716511151735201,1
2.9747583035484437,0.8003809078828362,0.773488483106399,0.00946519402268165,3.2977678043133123,0.8872398924177817,3.795183464177984,0.06924765878791073,0
1.8927608865559877,3.1760294137652845,6.3403540545874035,-1.3938310438129229,-1.1555200640016587,-0.7547118277683336,-0.9506922256380618,-1.5207787568540243,0
1.5093746454145993,-0.02080586510623539,2.064682487027959,0.4739340992113509,0.3569027223973775,-0.7194250744329207,1.7275542093306142,-1.3100226098493628,0
-0.31254607427736536,0.4868939606937335,-1.3379192650864176,0.8168679695322622,0.6728144555736034,2.679918949891519,-0.1730372831164478,1.2894897908495886,1
0.9128503387103286,-1.595789596190858,-0.9586819682567479,-1.1354666958101698,2.531672172226222,-3.6051076292024593,2.9134642304373686,-1.6484463097864368,1
0.68012507014489,-1.1618486275992113,1.2754852188813282,-0.8979876415443887,-0.2524038909766728,-1.6662463380680217,1.4784792071000226,-1.8282763884209823,0
0.7202660479662298,0.6050021321986907,-3.021798189103775,-0.3773420769478101,3.3782602622417484,1.316691703589582,1.5339660986718182,2.1287326106857165,1
2.59300690255513,1.9725031733806895,7.770659267320778,-1.069960156592582,-0.194879556190515,1.6005055556447096,1.935928431640859,-4.250443326307482,0
-1.092927580509739,-0.5627307758354354,1.736768782221333,1.0033827642199402,-1.9316533373017193,-2.009582191252538,-1.4037083835825017,-2.0351115771622212,0
0.4694537248758087,-2.0055130900998166,-0.19946990993848968,0.819888153981797,-0.64905691391908,0.6439656382088248,1.9243033537577343,-0.8446905948674184,1
-0.2179708139419574,1.8287777995113446,2.7755553892276583,0.33972385937475696,0.4982520654363727,3.6701951830218036,-0.4515131600047677,-1.662706043171298,0
-0.08612516932804493,-0.4795288771139897,0.7657144685066692,-1.4961991540760018,-1.2549164014862635,0.12182156502486485,-0.1682500147606115,-0.4773646827111554,1
1.5924019027093004,-3.216519969688217,-6.606362703498144,-0.6151876757156072,3.6001270247881503,0.4135935547411649,5.0361279129443455,2.8863378598647076,1
-0.2683375940418278,-0.758721279169214,-2.992713816820195,2.1205681204305016,2.889457445955614,2.6571279569195743,1.9585532591578267,0.3732859195227931,0
3.1251704724438896,0.14110223613142292,1.665967410428335,0.10207491624738367,2.459387516585948,-0.5992289668815707,3.998650141902892,-0.8748474434264536,0
1.9586179325217148,1.4497596411685139,2.5689379758193898,-0.36391939348963653,1.2368567315823087,0.23799138534859632,1.4691858968165943,-0.6656193019856975,0
2.06520844145623,-1.1567666020911669,2.4007609621539934,-1.3834625118283659,-1.1812892361316518,0.25314554386817045,2.556814256756565,-1.196720422778618,0
-0.6667858560378113,-1.544798594477121,-1.8479606202540737,0.346636196565839,-0.9049019695067503,0.5822988329744474,0.10347600757442653,0.6404009959826507,1
1.5516717174894685,-2.2008268549037204,0.23493617328197514,-0.44309487395607067,-1.5154878707992303,-0.8123416372961978,2.323085750394326,-0.06448015183928701,0
1.1188761272781012,0.7163645424821387,1.7583412370791542,0.7641052963280948,1.5674600709308235,1.9902317675574064,1.7867769806629419,-1.3426878952644812,0
0.9444597026336351,-2.0693233773370086,0.5481152827980792,-1.1501720603143877,-0.7103690251845325,1.3613689917476193,2.587229824496953,-1.2629034000287653,1
-2.1664728280651793,0.5313912749159047,-0.7251046092214262,0.18911121660394065,-0.7675199532944088,0.7759516536224513,-2.6738509610250367,0.09688960408496805,0
2.5935893214512102,-2.34988455314385,0.736730435468783,-1.0563279993057415,0.5393057228398455,-1.2171413641378688,4.508864689280513,-1.360349142050798,0
0.8541935215457286,-0.9945903249782398,2.569469937812878,1.3201841971984174,-1.881274639557435,-0.4822195588028583,0.9689993630496274,-1.747351197796823,0
1.597963553576099,-1.8432564239710558,1.5826480866849737,0.5886526793824348,-0.5894899213619977,1.5472065763269043,3.2023338106853156,-1.7163284130150367,1
-0.2907658960723507,-0.26435550343522274,-2.23669179985251,-0.9082061822885704,2.7344001625977956,3.2021842419328626,1.6301225377531645,0.13502164065155697,0
0.9076191292170941,3.166887263653951,4.497245717180414,1.142699916235183,-0.22406973345255454,1.8990676729697535,-1.149506218110094,-0.8889504727871143,0
-0.08394779883231474,-0.054682570341882286,0.6318794020960843,1.2083478175735631,0.12449542244486544,-0.6775557416588407,0.08197514652378743,-0.9196263596820677,0
2.5383239333149374,0.015559064458906313,2.2509489180171616,-0.5655112882176463,0.22562250592896205,0.17535192158726143,2.6048622064128595,-0.5142110302530292,0
0.9356830655567475,2.3659284139266443,4.1737069572265435,-0.8601926954224983,-0.9139275644080238,2.5404650904101906,-0.7457757894514795,-0.7751135786218337,1
1.3275676304200805,0.2361741006060709,3.318136968843147,-0.08725601318294572,-1.3915792840131334,0.23812134710782296,0.741765757784644,-1.3133910552301644,0
0.17491587156704047,0.6717133772851971,0.8496842625466873,-0.2621451438679057,0.8116594203416624,1.004145559771351,0.3095760979640333,-0.6716577222831348,0
1.0509429826005885,0.2390960380849534,-1.997306097254408,-0.9281426382790505,2.174898608756411,2.6253419075294735,1.8544383020233248,1.8248297657015868,1
-0.2986135792654745,1.4839066257652673,-2.4347631047134257,-0.21257862798856803,2.517262019717085,-0.920248802930561,-0.8100053694210116,2.0271554233229585,2
-0.3306474937251922,0.8770916984420861,-0.04597630097692714,1.7701676156472728,0.8037164110082168,0.8874479117092697,-0.487015877161694,0.0883528066073136,0
1.7022336459229135,0.43776392748143556,3.474740416018079,0.6583925119224902,-1.1968769441469367,0.5435180037917859,1.0405672414468248,-1.1105717921138527,0
0.5843961105304367,0.3287077459520469,2.072041476472532,-0.14428794263673994,0.8432446272820129,-1.849603389669567,0.7805160929765007,-2.1192057809336164,0
1.7164147419029205,-0.618291401640518,2.5932568980270836,0.19656354764246445,-2.279321880470224,0.5098053327849275,1.2256333834848052,-0.3940786072733994,0
0.18136381251309308,0.04988072474631111,1.5013993399138104,-0.7222688836538869,-2.991854609686747,-0.3137152805965625,-1.3695219523258584,0.652859172273258,0
1.0191485598209706,-1.8081062916985693,-2.228928131121802,-0.2920085455130258,0.9006024468259322,0.8013918272698459,2.674003128311331,0.917777745646805,1
-1.163273447801791,-1.055103891028077,0.8407221170536021,-1.555970026317907,-0.921757542642484,-0.7798775324775671,-0.41142780162481724,-2.2558158711528833,0
-0.4795852039938904,2.885474534015099,4.395447609616043,0.5225619208753273,-1.4101557637846205,1.7232370299303534,-2.7119524922684355,-1.353361830495791,0
0.011342643797617069,-2.214514699612239,0.5821996856195376,1.197186484622428,-0.2934804451259202,-1.9743842560942162,1.7196648842472935,-2.611579280085932,0
1.8484002935800496,2.290486479771684,2.987946921196156,-1.4040012963810977,1.093960961435699,0.8129223724004019,0.6908645305498946,-0.28428664200878784,0
2.7018300973705043,2.6047178862407314,6.667105686506657,0.05178385119895345,-0.2636288741609172,0.08732167573988747,0.9313302126253802,-2.3603858149757175,0
2.2324636953602015,-2.824436613529895,-0.25124516864448293,-1.595636760889683,0.05804822202101345,2.1881570256823633,4.712588021863735,-0.5769963391105883,1
1.645389393607985,-0.24421438274832907,1.1644655441598217,-0.08392725487267538,-0.5187055907851776,0.25123655534301303,1.5026985438494957,0.21511625850272975,1
0.5601785080987687,1.8457819012332197,1.1936612171836367,0.022203934542636587,0.5387972985799855,0.34364811054611333,-0.6708615626812805,0.5627987497399798,2
0.882547616869186,-1.4010659810227164,2.2407624073714625,-0.28839220030029905,0.17001182965157713,-1.1831804276754325,2.377999374098741,-3.2219214131040905,0
2.4642713328623316,-2.2119860867919443,0.7175267968719337,0.4730509282332128,-0.6380209862383754,-0.7497069030376358,3.667430618511759,-0.46937405757688166,1
2.802706916028705,-1.0177623033608885,2.5047969327387904,-0.22094226150476054,-1.0850252245881657,0.3627196670206414,3.101847684120253,-0.6384772811282031,1
-0.5891460805775972,-0.7452100166407173,0.8817314007922032,-0.5553080553860471,-2.3287359353240067,-1.794542683465728,-1.208534663362762,-0.5825776961716771,0
1.3494911207846754,0.007963902464316552,-1.2129764350880292,0.9373272918208769,1.7485397247228773,2.549277129779536,2.2087380987738414,1.2904522447996354,1
2.935984688302298,0.7350015164851993,1.775475900695963,-2.627065356808166,3.4295944158874154,2.3702158665239903,4.337081614135995,-1.1549371584079065,0
0.33933332198743194,-0.687431046026479,1.418526684056943,-0.11994127362647256,1.0498628569672923,-2.4162290499766694,1.4324582297750932,-2.7480783786254666,0
1.7203238472583904,1.1841601561298227,0.6862456399394741,-0.3341364484598427,1.9100410576300921,0.2807351479822954,1.5369394379264565,0.46163977336999384,1
-0.7592580034066256,1.0628667649544647,0.6316324121426395,-1.230138243758088,-1.6031345177030651,-1.5441503149613314,-2.6230133052796165,0.7839212275707046,2
0.4620216719413428,-1.4582640624657497,0.46633892529409676,-0.2029174630104449,-1.8334079905991367,-0.8882158335097969,0.6248044933476766,-0.27261069015684525,0
-0.5221767716600114,-0.6353069198065218,-2.257774312684679,0.8455260998852114,0.333536729218913,1.5839483492490536,0.1541421825231583,1.242113620971037,1
0.8367987103909086,-1.488798956195436,1.1356032416051596,0.7847815840141892,-2.291656683924468,-0.7917636730411772,0.8366345719484438,-0.398750691232315,0
0.34581451739865043,-2.2773571645845516,-5.143236408757852,1.4067808557880386,1.8832673752837756,1.1177241214768947,2.597719737829766,2.4090980105736657,1
-0.8008462865812436,1.162982334061169,1.005885850296883,0.19332032475446598,-1.6893213637528999,-1.0361528698296163,-2.643344781717097,0.5174690617714119,1
-1.5543963187890881,0.5858013041824233,-2.388671347835208,-0.7048221709979829,-1.2278099110329275,-1.3007554820715517,-3.171431670476191,2.707574158460012,1
0.6040819946046494,1.2526421213015875,2.3753855719414654,0.2820026250168557,0.06828080286506255,0.2180576091708274,-0.13082999383946844,-0.9295112234936689,0
-0.36264837144503614,-1.908250835920703,0.2656473706876997,-0.5171370804487624,-2.2402044947829696,-2.641443495473895,-0.15196792360615055,-0.9352424977335293,0
0.33387005526486957,-2.391987391535407,-0.5496962156220163,1.5187183527167938,-1.1234251339373746,-2.5840790340434916,1.3332232750641149,-0.7262536123101853,0
1.1905608921981503,-1.8617867195036077,0.7258523190169573,-0.04546497612900444,1.3180501456572027,-2.0889463323634274,3.260987487399254,-2.6030817413132277,0
2.545345947606908,-0.6557312006688085,1.7240817995097475,1.0668700883760402,-0.740427956776061,0.31868149352735853,2.5928955332312706,0.10427950063814717,0
-0.6405547156071343,0.9646892301461304,0.0039637873624432385,0.4508913752125149,0.6370985314806061,1.5190264222939578,-0.8010032039217228,0.004538892828176211,0
1.8042547795570218,-0.1847856014220075,0.07753599061047259,-1.692681615510937,1.8361558114977137,-1.050432458848341,2.5062255136525358,-0.115942875350733,1
2.6319274207664005,-1.9470407525342197,1.2621667543835693,0.07698314140715402,-0.34622514174150454,2.2849526034562633,4.301882622783423,-0.7682734770308102,1
0.3844511122385156,-0.8949277711534741,0.6379888376165006,-0.13414517626645758,0.4918134967692529,-2.3805808265126065,1.1844771584747045,-1.668152266746207,0
2.290043157812949,3.091690308821165,6.47022130389848,-0.6240987123257102,0.44767478753738743,2.3238575447231486,0.8684745187145314,-2.435563232664279,0
1.1160975888764357,1.5474438858523136,4.040847720311267,-1.6553688814058016,-0.7628029332655533,-0.7662968037458612,-0.29161580796916436,-1.4916006321027733,2
0.722606235091988,0.18884113647445144,1.2390931332987514,1.7467389375083464,0.9945302067805997,0.5239716445127616,1.30267269977282,-1.2567908395789351,0
0.8846933683831104,1.569905262088294,-2.0834345115778676,2.1484828491487757,3.220273632244661,-0.9381854248835659,0.5167929234771362,2.1987665593860806,2
1.2327513171251863,-0.5291508199306746,2.391727419370572,0.7903785250428523,-2.0757925939709763,0.11492925847703961,0.7765180154402597,-0.6409969872513192,0
0.2817356868564367,-1.780582293978785,-1.24712237430022,-1.2744928824990227,-0.8300983227177606,1.3300177011649346,1.3527420278784565,0.5087455274078327,1
1.6927814978349658,0.48298507292327364,3.3779939750078976,-0.8071399829793362,-0.570728420447874,0.13874018401021937,1.2697359278387652,-1.4237584781668844,0
0.9864655392394799,2.111352111496682,5.410742622821593,-1.1135192324279926,-1.1309200990253565,-0.08564667518157787,-0.7450111833076729,-2.2638892847114995,0
1.7816221611486243,-0.010637584966427194,0.5998613821215231,0.7932854051651251,1.0483452730737537,1.505782257741905,2.374052652168341,0.10830701273928511,0
0.618907327456198,1.4504348594007164,-1.6598895550521557,0.8266415353898965,2.670523188548111,1.9451039079072072,0.6345859277459235,1.8948487191995964,0
0.7186374751546385,-1.7201395081373803,1.4337573018204572,1.569866436259967,-1.2753738435616202,-1.2474712809195143,1.536610328625634,-1.7711688489065103,0
1.4879491501222741,-0.1266157299599483,2.354049131705925,0.7404071223772372,-0.8225616793953566,-0.2751277672931316,1.2570705017531656,-0.8996584746799741,0
-0.479440902722184,0.4673972621591922,-3.635584924582675,1.1040706092820498,3.2782206979827775,3.71845225961898,0.9048043582448851,1.840687967310361,0
1.241859229717462,-1.4504558358615989,-0.3161771399226206,0.06884573128385278,2.4647693682391365,0.7152175500815876,3.798476214333144,-1.739387241727433,0
0.943798496205082,-3.02641007169168,-0.33002258471274876,-0.7602909475639799,-0.22912710054549223,0.7961200876763933,3.489017243125076,-1.5842137654875925,1
1.1435862878905196,-2.0985310591028976,1.4134379878160122,-0.5626920244402328,0.9317177380923105,-2.2635921178090035,3.3363643327993926,-3.35117265265035,0
2.2034205299847485,-1.3371392327061802,-0.37206405446258495,1.7786551265382484,4.206267102984775,2.6072474980593343,5.735826050688643,-1.9412765696848078,0
1.0414669033596187,2.075478271499086,2.6055421480858163,-2.3764328563378636,0.3950448849116798,0.27852473714516934,-0.3086161380040781,-0.26113634917731865,0
3.4313688943192724,0.3116088394290114,3.3623543042621384,1.1029277327426599,2.6345983592637383,0.9885266328108677,4.776297761628318,-2.3733154635504086,0
2.8366363495302562,1.5788553846774933,6.400029106663113,0.09018263749689953,-1.578889580772715,0.776915471853107,1.2871213124936478,-1.9956325439711438,1
2.024837424311264,0.9614843469714061,2.6442715515494504,0.20001485117174814,0.7392629768774474,-1.0745428224119449,1.5022523845909626,-0.8588316654229031,0
0.41716264635341305,0.39621859826340144,1.506616390789252,-0.6041676033158545,-2.292925060007857,-0.7612558360726095,-1.1717080251329595,0.6650551452088844,0
-0.7843459995924196,-1.071372735012728,-0.3021734893815511,-0.5124052146241178,-1.6357709575404227,-2.859384287197332,-1.0664027691833187,-0.29138112098990177,0
-0.1794870343068844,-2.5663685965009146,-1.323920732983328,0.7439016768802931,-1.2696812278334546,-2.9409081122899488,0.7927586355093115,-0.38025308962295334,0
0.40064059536822605,1.731677421626912,0.618808195724503,-0.9954036030247475,0.034728270168580044,0.17630367939669211,-1.1250429457072724,1.2964803676011027,2
-0.4545937935227786,-1.4626478761394033,2.4497622482543653,1.0478511314651566,-1.8719328682978218,-3.261296205034217,-0.07400013115658653,-3.2390206833573214,2
3.5819976658954156,2.0843152880913207,3.2387691020456604,-0.001736523275695409,3.129975439763033,2.1242940768319443,3.6774673231761232,-0.7235677094628935,0
0.18109664403351566,-2.2845746081233536,1.37806255960871,0.09697017676084972,-1.7239265065434715,-1.1046551025399114,1.3915561590585117,-2.370478538756211,0
1.29172394312065,-0.040276444894658536,1.0342936712239748,-0.8259841780265164,-0.8147750322081913,0.4093369176444145,0.8607987052115634,0.47720437043911645,1
1.0598031519111006,-0.9112059997857342,0.7040864931856619,-1.0249923138187629,-1.2561339315365567,-1.6612418368962434,0.8478054251734799,0.048464441121746527,0
-0.13399930732861076,-1.597837550686612,1.2450648630775527,-1.0359109850124564,-0.9930886602223038,-1.6586669335128992,0.8115460826775367,-2.3572204183154755,0
1.5894212947433912,1.844858459430037,4.935209224562384,0.8209668843684006,-0.5874544633575527,-0.7748489258072386,0.08758338608422206,-1.9163138625791987,0
0.9924478576539377,-4.32643312748473,-0.4881748044058305,-0.8908896119420586,0.7917741573468615,-3.1114570634619216,4.692297537810665,-3.4746281902115714,0
1.1828298347966169,0.13896809160463497,-0.7427098583205158,0.40191895517392295,1.565419617949693,-0.6787973104453082,1.4473618008718507,0.7828754319421667,1
1.964216667745729,-2.436722530150125,1.48155085791287,0.7870308368716137,1.5270550956400246,-1.4152677449750546,4.786717204227133,-3.4679872303804697,0
1.1425854376207294,2.2333599222635465,4.089219296051095,-1.3440446284718441,-0.4930544097983314,-0.175296413133609,-0.653567209600972,-1.0332867057624193,0
1.4840711549346624,2.57571685221821,4.447676948164226,1.0544121122194114,0.48932872065455213,1.8846248627446305,0.2550376681375483,-1.433109416262743,2
-0.5261776775138374,1.4080244321940483,0.8140747996408783,-1.1687410284931263,-0.33953311323373425,0.06457499959828716,-1.7461005516776607,0.27628948612543724,0
1.1718983283532376,-0.32542283541371864,2.8410024251041186,-0.2515808307655791,-1.83878538396175,0.23382904424979567,0.7861312891666131,-1.1461512684687694,0
0.7538866703935522,0.1416658037095393,1.287415561373259,-0.1268807141021942,-0.9915038579463638,0.2162949214742248,0.18780197899527074,0.05478100161664656,1
1.4501489435392083,1.1802918263468163,0.5586007508988418,2.2042289692956403,1.1045522690557856,-1.0958267704251408,0.6239699583292324,0.8932109797040477,2
